-- phpMyAdmin SQL Dump
-- version 5.2.1
-- https://www.phpmyadmin.net/
--
-- 主機： 127.0.0.1
-- 產生時間： 2023-09-10 16:00:43
-- 伺服器版本： 10.4.28-MariaDB
-- PHP 版本： 8.0.28

SET SQL_MODE = "NO_AUTO_VALUE_ON_ZERO";
START TRANSACTION;
SET time_zone = "+00:00";


/*!40101 SET @OLD_CHARACTER_SET_CLIENT=@@CHARACTER_SET_CLIENT */;
/*!40101 SET @OLD_CHARACTER_SET_RESULTS=@@CHARACTER_SET_RESULTS */;
/*!40101 SET @OLD_COLLATION_CONNECTION=@@COLLATION_CONNECTION */;
/*!40101 SET NAMES utf8mb4 */;

--
-- 資料庫： `minisdb1`
--

-- --------------------------------------------------------

--
-- 資料表結構 `customer`
--

CREATE TABLE `customer` (
  `CustName` varchar(31) DEFAULT NULL COMMENT '客戶寶號',
  `CustId` varchar(9) NOT NULL COMMENT '客戶代號',
  `City` varchar(9) DEFAULT NULL COMMENT '縣市',
  `Address` varchar(39) DEFAULT NULL COMMENT '地址',
  `ZipCode` varchar(4) DEFAULT NULL COMMENT '郵遞區號',
  `Contact` varchar(9) DEFAULT NULL COMMENT '聯絡人',
  `JobTitle` varchar(15) DEFAULT NULL COMMENT '職稱',
  `Phone` varchar(12) DEFAULT NULL COMMENT '電話',
  `Industry` varchar(9) DEFAULT NULL COMMENT '產業別',
  `TaxNo` varchar(9) DEFAULT NULL COMMENT '統一編號'
) ENGINE=InnoDB DEFAULT CHARSET=utf8 COLLATE=utf8_general_ci;

--
-- 傾印資料表的資料 `customer`
--

INSERT INTO `customer` (`CustName`, `CustId`, `City`, `Address`, `ZipCode`, `Contact`, `JobTitle`, `Phone`, `Industry`, `TaxNo`) VALUES
('洽興金屬工業股份有限公司', 'A0001', '台中市', '西屯區工業區12路5號', '407', '陳勳森', '採購專員', '04-7081881', '機械', '86281373'),
('新益機械工廠股份有限公司', 'A0002', '台北市', '北投區承德路7段371-1號', '100', '謝裕民', '行政專員', '02-7752450', '機械', '04675569'),
('天源義記機械股份有限公司', 'A0003', '台北市', '松山區敦化北路122號3樓', '105', '翁崇銘', '工程師', '02-9015105', '機械', '22039731'),
('家鄉事業股份有限公司', 'A0004', '台北市', '復興北路57號5樓', '108', '郭淑玲', '行政專員', '02-1879991', '食品', '85800192'),
('四維企業(股)公司', 'A0005', '台南縣', '歸仁鄉南興村中山路851號', '720', '廖述宏', '工程師', '06-8792123', '建築', '12231596'),
('永輝興電機工業股份有限公司', 'A0006', '台南縣', '麻豆鎮小埤里苓子林8-12號', '710', '黃清吉', '總務主任', '06-4588455', '電機', '04735004'),
('溪泉電器工廠股份有限公司', 'A0007', '台中市', '西屯區台中工業區工業五路3號', '407', '林慶文', '工程師', '04-7613571', '電子', '07406808'),
('善品精機股份有限公司', 'A0008', '台中縣', '烏日鄉中山路三段6號', '414', '張君暉', '工程師', '04-2552171', '機械', '11222009'),
('佳樂電子股份有限公司', 'A0009', '台北市', '大安區復興南路一段390號5樓之3', '106', '蔣清池', '總務主任', '02-2301212', '電子', '61781463'),
('科隆實業股份有限公司', 'A0010', '台北市', '大安區敦化南路一段223號8樓', '106', '劉瑞復', '工程師', '02-7721320', '貿易', '97513218'),
('永光壓鑄企業公司', 'A0011', '台北市', '中山北路三段22號', '104', '梁文雄', '工程師', '02-2514474', '機械', '52003703'),
('正五傑機械股份有限公司', 'A0012', '台北市', '中山區松江路293號805室', '111', '林金源', '採購專員', '02-9991061', '機械', '03807628'),
('集上科技股份有限公司', 'A0013', '台北市', '中山區南京東路3段65號2樓', '104', '陳幼獅', '行政專員', '02-7174500', '資訊', '79854797'),
('強安鋼架工程股份有限公司', 'A0014', '台北市', '中正區博愛路154號6-7樓', '104', '林添財', '主任', '02-9179261', '機械', '11081681'),
('菱生精密工業股份有限公司', 'A0015', '台北市', '中正區懷寧街43號6樓', '100', '張國萬', '採購專員', '02-6668541', '電子', '11099303'),
('昆信機械工業股份有限公司', 'A0016', '台北市', '忠孝東路四段285號13樓', '103', '陳世棟', '採購專員', '02-7195800', '機械', '22956788'),
('麥柏股份有限公司', 'A0017', '台北市', '松山區南京東路三段248號14樓', '110', '楊喜棠', '工程師', '02-1184988', '貿易', '51868406'),
('九和汽車股份有限公司', 'A0018', '台北市', '信義路五段2號14樓', '104', '李青潭', '工程師', '02-2595286', '機械', '03722109'),
('遠東氣體工業股份有限公司', 'A0019', '台北市', '許昌街四二號九樓', '104', '李進興', '總務主任', '02-4688516', '化學', '52004800'),
('諾貝爾生物有限公司', 'A0020', '台北市', '塔城街66號3樓', '106', '蘇益慶', '工程師', '02-9879103', '化學', '86172733'),
('有萬貿易股份有限公司', 'A0021', '台北市', '土城市大暖路71號', '114', '張子信', '工程師', '02-1524755', '貿易', '05135739'),
('真正精機股份有限公司', 'A0022', '台北縣', '土城市自強街29號', '241', '黃俊勝', '行政專員', '02-5569536', '機械', '61602905'),
('東興振業股份有限公司', 'A0023', '台北縣', '汐止鎮大同路3段275號', '236', '徐旭明', '主任', '02-4247674', '建築', '73251209'),
('漢寶農畜產企業股份有限公司', 'A0024', '台北縣', '板橋市民生路一段28號', '235', '林勝豐', '採購專員', '02-8795884', '食品', '07881361'),
('大喬機械公司', 'A0025', '台北縣', '新店市寶興路45巷5號3樓', '251', '呂擇賞', '工程師', '02-4998556', '機械', '22099630'),
('達亞汽車股份有限公司', 'A0026', '台北縣', '仁德鄉保安村開發四路6號', '238', '鄭榮勳', '採購專員', '02-4489598', '機械', '72065240'),
('台灣航空電子股份有限公司', 'A0027', '桃園縣', '桃園市大林里大仁路50號', '334', '周正義', '主任', '03-4856525', '電子', '04697347'),
('鐶琪塑膠股份有限公司', 'A0028', '桃園縣', '楊梅鎮大同里行善路80號', '337', '陳登榜', '工程師', '03-1385562', '化學', '60330130'),
('亞智股份有限公司', 'A0029', '桃園縣', '龜山鄉善村文德路25號', '324', '黃正弘', '行政專員', '03-4855525', '建築', '03932533'),
('九華營造工程股份有限公司', 'A0030', '桃園縣', '蘆竹鄉南崁路二段201巷7號', '330', '唐樂川', '總務主任', '03-2659569', '建築', '22099934'),
('台灣保谷光學股份有限公司', 'A0031', '桃園縣', '小港區中林路26號', '325', '林長芳', '工程師', '03-2365566', '電子', '86159485'),
('豐興鋼鐵(股)公司', 'A0032', '桃園縣', '五福三路21號6樓', '338', '吳政翔', '總務主任', '03-4554521', '機械', '21222725'),
('中友開發建設股份有限公司', 'A0033', '高雄市', '鼓山區明倫路514巷19號', '813', '劉宗齊', '採購專員', '07-2665563', '建築', '86379208'),
('長生營造股份有限公司', 'A0034', '高雄市', '大社工業區興工路1-3號', '806', '楊菊生', '工程師', '07-5645655', '建築', '75370905'),
('百容電子股份有限公司', 'A0035', '新竹市', '科學工業園區園區二路47號105室', '300', '賴朝宗', '採購', '035-189566', '電子', '84308030'),
('欣中天然氣股份有限公司', 'A0036', '新竹市', '竹東鎮中興路四段14號', '300', '胡明宗', '採購助理', '035-789542', '化學', '03703601'),
('比力機械工業股份有限公司', 'A0037', '新竹市', '水上鄉回歸村北回60號', '300', '王振芳', '總務助理', '035-585985', '機械', '23120951'),
('詮讚興業公司', 'A0038', '新竹縣', '秀水鄉埔崙村三越街82號', '302', '林清富', '工程師', '035-584425', '其他', '22018285'),
('台灣釜屋電機股份有限公司', 'A0039', '台中縣', '烏日鄉中山路一段和平巷150弄27號', '414', '顏仲仁', '總務主任', '04-8342662', '機械', '23418669'),
('國光血清疫苗製造股份有限公司', 'A0040', '台北市', '士林區社中街76號', '111', '徐賢德', '工程師', '02-7351127', '化學', '11085292'),
('台灣製罐工業股份有限公司', 'A0041', '台北市', '大安區忠孝東路4段285號6樓', '106', '許金良', '採購專員', '02-5316125', '食品', '03767301'),
('雅企科技(股)', 'A0042', '台北市', '中山區南京東路二段95號11樓', '104', '徐惠秋', '總務主任', '02-7751286', '資訊', '06606103'),
('國豐電線工廠股份有限公司', 'A0043', '台北市', '敦化南路522號2樓', '106', '巫嘉昌', '工程師', '02-1949849', '電機', '52004800'),
('金興鋼鐵股份有限公司', 'A0044', '台北市', '華陰街119號', '105', '黃永松', '總務主任', '02-4789198', '機械', '77514419'),
('原帥電機股份有限公司', 'A0045', '台北縣', '新店市寶橋路229號', '220', '李春淵', '採購專員', '02-8499256', '電機', '23826519'),
('新寶纖維股份有限公司', 'A0046', '台北縣', '樹林鎮東興街1號', '231', '林棟材', '工程師', '02-9985554', '化學', '12223723'),
('太平洋汽門工業股份有限公司', 'A0047', '台南縣', '中壢市新生路二段334號', '721', '呂碧如', '工程師', '06-4882554', '機械', '41695406'),
('喬福機械工業股份有限公司', 'A0048', '台南縣', '八德市大湳里和平路1127號', '711', '張朝深', '總務主任', '06-8884551', '機械', '03329507'),
('楓原設計公司', 'A0049', '桃園縣', '大園鄉橫峰村1號', '320', '陳世昌', '採購專員', '03-4884525', '其他', '07284214'),
('日南紡織股份有限公司', 'A0050', '桃園縣', '平鎮市建安村太平東路7號', '330', '陳標山', '行政專員', '03-5568425', '紡織', '37199708'),
('台灣勝家實業股份有限公司', 'A0051', '桃園縣', '楊梅鎮秀才路520號', '337', '陳智雄', '工程師', '03-4825826', '貿易', '05630750'),
('周家合板股份有限公司', 'A0052', '桃園縣', '龜山鄉樂善村文德路25號', '330', '陳肇源', '採購專員', '03-4851551', '建築', '76940003'),
('英業達股份有限公司', 'A0053', '新竹市', '科學工業園區園區二路40號1樓', '300', '鄭景昌', '行政專員', '035-645858', '電子', '12388674'),
('羽田機械股份有限公司', 'A0054', '新竹縣', '和美鎮彰美路二段106號', '310', '張永茂', '工程師', '035-851453', '機械', '85614991'),
('中衛聯合開發公司', 'A0055', '台中市', '南屯區南屯路三段86號', '408', '蔡淑慧', '工程師', '04-5062442', '建築', '75370905'),
('台中精機廠股份有限公司', 'A0056', '台北市', '大安區敦化南路1段331號6樓', '106', '杜鴻國', '採購專員', '02-3592139', '機械', '38011301'),
('東陽實業(股)公司', 'A0057', '台北市', '中山區松江路301號9樓', '111', '葉育恩', '工程師', '02-4951111', '貿易', '12486393'),
('金泰成粉廠股份有限公司', 'A0058', '台北市', '中正區延平南路10號', '104', '林繼宗', '採購專員', '02-4648165', '食品', '22102494'),
('現代農牧股份有限公司', 'A0059', '台北市', '南港區東新街34巷10號3樓', '105', '秦嘉鴻', '採購專員', '02-7899552', '食品', '74231126'),
('惠亞工程股份有限公司', 'A0060', '台北市', '三重市重新路五段609巷16號6樓', '106', '高文彬', '總務主任', '02-6548854', '建築', '06673382');

-- --------------------------------------------------------

--
-- 資料表結構 `dept`
--

CREATE TABLE `dept` (
  `DeptName` varchar(9) DEFAULT NULL COMMENT '部門名稱',
  `DeptId` varchar(9) NOT NULL COMMENT '部門代號',
  `ManagerName` varchar(9) DEFAULT NULL COMMENT '主管姓名'
) ENGINE=InnoDB DEFAULT CHARSET=utf8 COLLATE=utf8_general_ci;

--
-- 傾印資料表的資料 `dept`
--

INSERT INTO `dept` (`DeptName`, `DeptId`, `ManagerName`) VALUES
('總經理室', 'B01', '何茂宗'),
('研發一課', 'C01', '徐煥坤'),
('研發二課', 'C02', '江正維'),
('研發三課', 'C03', '易君揚'),
('業務一課', 'D01', '陳曉蘭'),
('業務二課', 'D02', '陳雅賢'),
('業務三課', 'D03', '朱金倉'),
('業務四課', 'D04', '林鵬翔'),
('採購部', 'E01', '黃大倫'),
('維修部', 'F01', '劉柏村'),
('資訊部', 'G01', '林朝財'),
('企劃部', 'H01', '程光民'),
('人事部', 'I01', '楊習仁'),
('行政部', 'J01', '許進發'),
('會計部', 'K01', '胡富傑'),
('圖書室', 'L01', '洪惠芬');

-- --------------------------------------------------------

--
-- 資料表結構 `employee`
--

CREATE TABLE `employee` (
  `EmpId` varchar(5) NOT NULL,
  `EmpName` varchar(8) DEFAULT NULL COMMENT '姓名',
  `JobTitle` varchar(11) DEFAULT NULL COMMENT '現任職稱',
  `DeptId` varchar(4) DEFAULT NULL COMMENT '部門代號',
  `City` varchar(7) DEFAULT NULL COMMENT '縣市',
  `Address` varchar(32) DEFAULT NULL COMMENT '地址',
  `Phone` varchar(16) DEFAULT NULL COMMENT '電話',
  `ZipCode` varchar(3) DEFAULT NULL COMMENT '郵遞區號',
  `MonthSalary` double DEFAULT NULL COMMENT '月薪資',
  `AnnualLeave` double DEFAULT NULL COMMENT '年假天數'
) ENGINE=InnoDB DEFAULT CHARSET=utf8 COLLATE=utf8_general_ci;

--
-- 傾印資料表的資料 `employee`
--

INSERT INTO `employee` (`EmpId`, `EmpName`, `JobTitle`, `DeptId`, `City`, `Address`, `Phone`, `ZipCode`, `MonthSalary`, `AnnualLeave`) VALUES
('00001', '丁組長', '助理工程師', 'F01', '台北市', '松山區南京東路5段46號7樓', '02-7613571', '105', 28500, 7),
('00002', '方重圍', '顧問工程師', 'A01', '新竹市', '科學工業園區工業東四路7號2樓', '035-780050', '300', 185000, 7),
('00003', '方鎮深', '副工程師', 'C03', '台北市', '士林區社中街76號', '02-8118101', '111', 32000, 14),
('00004', '毛渝南', '業務副理', 'D04', '台北市', '大安區敦化南路2段218號', '02-3779968', '106', 76000, 7),
('00005', '王玉治', '業務副理', 'D01', '台中縣', '潭子鄉建國路3之2號', '04-5331112', '427', 34800, 14),
('00006', '王禾', '企劃副理', 'H01', '高雄縣', '橋頭鄉芋林路299號', '07-6116622', '825', 59000, 14),
('00007', '王芳香', '行政專員', 'J01', '新竹市', '科學工業園區工業東二路6號', '035-773121', '300', 28000, 7),
('00008', '王演銓', '研發經理', 'C03', '桃園縣', '大園鄉北港村大工路31號', '03-3868956', '337', 38200, 14),
('00009', '王德惠', '研發工程師', 'C01', '台北縣', '新店市寶中路123巷1號5樓', '02-9174400', '231', 37000, 7),
('00010', '王繡瑩', '會計助理', 'K01', '台北市', '復興北路181號6樓', '02-7129111', '105', 40000, 7),
('00011', '向大鵬', '業務專員', 'D02', '台北市', '建國北路2段145號3樓', '02-5031111', '104', 23400, 7),
('00012', '朱金倉', '業務經理', 'D03', '高雄市', '三民區通化街120號', '07-3712111', '807', 38900, 14),
('00013', '江正維', '研發工程師', 'C02', '台北市', '松山區南京東路5段5號2樓', '02-7649130', '105', 61000, 14),
('00014', '何信穎', '副工程師', 'F01', '台北縣', '土城市工業區中山路59號', '02-2683366', '236', 37900, 7),
('00015', '何茂宗', '總經理', 'B01', '台北市', '中山區松江路301號9樓', '02-5020238', '104', 154000, 14),
('00016', '吳美成', '資深專員', 'D01', '彰化縣', '和美鎮彰美路二段106號', '04-7352182', '508', 34800, 7),
('00017', '吳國信', '資深專員', 'D02', '彰化縣', '福興鄉萬豐村福工路12號', '04-7695161~4', '506', 37000, 7),
('00018', '吳淑芬', '市場分析師', 'H01', '台北市', '士林區中正路115號', '02-8822342', '111', 31500, 7),
('00019', '吳寶珠', '維修工程師', 'F01', '台北市', '中山區長安東路2段173號7樓', '02-7720267', '104', 32500, 14),
('00020', '李垂文', '研發副理', 'C02', '台中縣', '大里市仁化路261號', '(04)491-4141#254', '412', 34500, 7),
('00021', '李秋煌', '助理工程師', 'F01', '台北市', '許昌街四二號九樓', '02-6584251', '100', 25600, 7),
('00022', '李進祿', '業務專員', 'D04', '台北市', '松山區復興北路369號3樓', '02-7150669', '105', 25000, 7),
('00023', '李德竹', '會計師', 'K01', '台南縣', '歸仁鄉南保村中山路734號', '06-2301171', '711', 65000, 7),
('00024', '沈榮治', '會計助理', 'K01', '台北市', '莒光路310號5樓', '02-3062131', '108', 41200, 14),
('00025', '季正杰', '資深工程師', 'F01', '嘉義市', '中正路690號', '05-3714666', '600', 61000, 7),
('00026', '易君揚', '助理工程師', 'C03', '桃園縣', '楊梅鎮秀才路520號', '03-4753821', '326', 75200, 14),
('00027', '林玉堂', '業務專員', 'D03', '台北市', '松江路124巷21號4樓', '02-5926597', '104', 25500, 7),
('00028', '林俊成', '企劃專員', 'H01', '台北市', '大同區貴德街36巷5號', '02-5555601', '103', 32500, 7),
('00029', '林俐君', '會計師', 'K01', '台北市', '敦化北路201-24號後棟6樓', '02-7174500', '105', 27200, 7),
('00030', '林建興', '研發副總', 'B01', '屏東市', '中正路688巷46弄59號', '08-7379531', '900', 138000, 14),
('00031', '林國和', '採購專員', 'E01', '台北市', '民生西路292號10樓', '02-5559676', '103', 62000, 14),
('00032', '林朝財', '資訊經理', 'G01', '高雄市', '三民區民族一路491號', '07-3410301', '807', 72000, 14),
('00033', '林森和', '助理工程師', 'C01', '台北市', '民權東路3段37號12樓', '(02)515-0000', '104', 38000, 7),
('00034', '林鳳春', '業務專員', 'D01', '台北市', '中正區杭洲南路1段15-1號19樓', '02-3936566', '100', 59000, 14),
('00035', '林靜秋', '維修副理', 'F01', '桃園縣', '龍潭鄉九龍村中興路九龍段3巷13號', '03-4792988', '325', 59500, 14),
('00036', '林鵬翔', '業務經理', 'D04', '彰化縣', '和美鎮鎮平里彰草路二段697號', '04-7525121', '508', 36000, 7),
('00037', '邱資堡', '圖書助理', 'L01', '台北市', '塔城街66號3樓', '02-5523075', '103', 28100, 7),
('00038', '施美芳', '行政專員', 'J01', '嘉義縣', '水上鄉回歸村北回60號', '05-2357861', '608', 69900, 7),
('00039', '洪惠芬', '圖書館專員', 'L01', '高雄縣', '大社工業區興工路1-3號', '07-3514151', '815', 11000, 14),
('00040', '洪毓祥', '維修工程師', 'F01', '台北市', '中正區忠孝東路2段123號B1', '02-3971881', '100', 40000, 14),
('00041', '胡富傑', '會計經理', 'K01', '桃園縣', '觀音鄉富源村35-2號', '03-4901511', '328', 34500, 7),
('00042', '范揚耀', '程式設計師', 'G01', '台北市', '新生南路一段121號4樓', '02-2990212', '106', 31500, 7),
('00043', '唐德義', '資深會計師', 'K01', '高雄市', '林森三路193巷34號', '07-3336571', '806', 31500, 14),
('00044', '徐煥坤', '資深工程師', 'C01', '台北縣', '土城市福安街75號', '02-2685871', '236', 36000, 14),
('00045', '祝閔豪', '系統工程師', 'G01', '台北市', '松山區民生東路4段54號9樓901室', '02-7152266', '105', 31500, 14),
('00046', '高鴻烈', '程式設計師', 'G01', '台南縣', '永康市王行路68巷263號', '06-2017777', '710', 31500, 7),
('00047', '張世興', '業務助理', 'D03', '台北縣', '淡水鎮下圭柔山100-2號', '02-6228750', '251', 70000, 14),
('00048', '張志輝', '業務副理', 'D03', '台中縣', '大肚鄉沙田路二段132巷60號', '04-6991173', '432', 31500, 7),
('00049', '張治', '維修工程師', 'F01', '台北市', '大安區復興南路一段390號5樓之3', '02-7081881', '106', 37800, 14),
('00050', '張財全', '人事助理', 'I01', '高雄市', '前鎮區高雄加工出口區南一路10號', '07-8111171', '806', 31000, 7),
('00051', '張景松', '副工程師', 'C02', '台中市', '西屯區台中工業區工業五路3號', '04-3592345', '407', 31500, 14),
('00052', '張琪', '採購助理', 'E01', '桃園縣', '大園鄉橫峰村1號', '03-3811811', '337', 22500, 7),
('00053', '張藍方', '研發經理', 'C01', '台北市', '松德路159號-1', '02-7593733', '110', 67400, 14),
('00054', '莊國雄', '業務副理', 'D02', '台中縣', '潭子鄉中山路三段493巷35號', '04-5343566', '427', 39200, 7),
('00055', '莊清媚', '研發工程師', 'C02', '台中市', '北區漢口路4段367號11樓', '04-2374989', '404', 33000, 14),
('00056', '許進發', '行政經理', 'J01', '台北市', '敦化北路201-24號8樓', '02-7177888', '105', 21000, 14),
('00057', '許鴻章', '維修經理', 'E01', '彰化縣', '秀水鄉埔崙村三越街82號', '04-7692511', '504', 25500, 7),
('00058', '連邦俊', '維修助理', 'F01', '台北市', '大安區仁愛路三段108號7樓', '02-7042162', '106', 28900, 14),
('00059', '郭曜明', '業務專員', 'D04', '台北市', '中山區八德路四段111號', '02-7532121', '105', 26000, 7),
('00060', '陳弘昌', '採購助理', 'E01', '台南縣', '永康鄉中正北路711號', '06-2531221', '710', 22000, 7),
('00061', '陳建岳', '人事專員', 'I01', '台南市', '中區中山路90號4樓', '06-2260191', '700', 23000, 7),
('00062', '陳美玉', '網路工程師', 'G01', '新竹縣', '湖口鄉新竹工業區光復南路15號', '035-983683', '303', 34500, 7),
('00063', '陳淑慧', '行政助理', 'J01', '台北市', '大安區仁愛路四段109號15樓', '02-7110990', '106', 23000, 7),
('00064', '陳惠娟', '業務助理', 'D04', '高雄市', '三民區灣興街96之1號', '07-3853358', '807', 23000, 14),
('00065', '陳舜庭', '人事專員', 'I01', '台北市', '中山北路三段22號', '02-5925252#3408', '104', 51000, 7),
('00066', '陳詔芳', '業務助理', 'D02', '高雄市', '新興區中正二路182號8-1樓', '07-2228856', '800', 27800, 7),
('00067', '陳雅賢', '業務經理', 'D02', '新竹縣', '湖口鄉光復北路92號', '035-981491', '303', 54200, 14),
('00068', '陳福金', '副工程師', 'F01', '台北縣', '樹林鎮三俊街273號', '02-6882387', '223', 28000, 7),
('00069', '陳曉蘭', '業務經理', 'D01', '台南縣', '歸仁鄉南興村中山路851號', '06-2306611', '711', 29500, 7),
('00070', '程光民', '企劃經理', 'H01', '雲林縣', '斗六市雲林路三段369號', '05-5222331', '640', 25600, 7),
('00071', '黃大倫', '採購經理', 'E01', '台中縣', '大肚鄉沙田路二段310巷2號', '04-6991191', '432', 27000, 14),
('00072', '黃志文', '研發副理', 'C01', '台北市', '光復南路422號2樓之1', '02-7043828', '106', 66200, 14),
('00073', '黃秋好', '採購專員', 'E01', '台北市', '新明路124號', '02-7912161', '114', 23400, 7),
('00074', '黃振清', '採購副理', 'E01', '台北市', '大同區重慶北路三段137巷25號2樓', '02-5976225', '103', 34500, 14),
('00075', '黃慧萍', '特別助理', 'B01', '台北縣', '新店市寶興路45巷5號3樓', '02-9179261', '231', 82000, 14),
('00076', '黃憲政', '企劃專員', 'H01', '台北縣', '土城市大暖路71號', '02-2683969', '236', 34500, 7),
('00077', '楊習仁', '人事經理', 'I01', '台中縣', '烏日鄉中山路一段和平巷150弄27號', '04-3372621', '414', 28900, 7),
('00078', '楊銘哲', '研發副理', 'C03', '台北市', '萬華區漢口街2段60號', '02-3111116', '108', 27200, 14),
('00079', '溫智傑', '圖書助理', 'L01', '台北市', '中山區南京東路一段92號8樓', '02-5316125', '104', 21000, 7),
('00080', '葉秀珠', '業務助理', 'D01', '台北市', '南港區成功路一段65號2&3樓', '02-7832854', '115', 24800, 7),
('00081', '劉大慶', '總機', 'J01', '彰化縣', '和美鎮彰新路二段290號', '04-7351127', '508', 30000, 14),
('00082', '劉伯村', '人事專員', 'I01', '高雄市', '小港區長春路5號', '07-8023601', '812', 27500, 7),
('00083', '劉柏村', '維修經理', 'F01', '高雄市', '鼓山區明倫路514巷19號', '07-5836967', '804', 31000, 7),
('00084', '蔡豪鈞', '業務副總', 'B01', '桃園縣', '楊梅鎮高榮里新榮路339號', '03-4905265', '326', 36000, 7),
('00085', '鄭力中', '硬體工程師', 'G01', '台北市', '長春路328號5樓之2', '02-7198303', '104', 32500, 7),
('00086', '鄭元杰', '美工專員', 'H01', '台南縣', '麻豆鎮小埤里苓子林8-12號', '06-5703271', '721', 31000, 14),
('00087', '鄭秀家', '研發工程師', 'C03', '高雄市', '五福三路21號6樓', '07-2135522', '801', 36500, 7),
('00088', '鄭黛明', '企劃助理', 'H01', '台北縣', '淡水鎮埤島里51-11號', '02-6222131', '251', 35500, 14),
('00089', '盧大為', '研發經理', 'C02', '台北市', '大同區承德路一段40號12樓', '02-5559211', '103', 33000, 14),
('00090', '謝忠証', '美工助理', 'H01', '高雄市', '左營區新庄子路339巷3號', '07-3431236', '813', 29000, 7),
('00091', '謝彗萍', '企劃專員', 'H01', '台北市', '中山區建國北路1段88巷12號', '02-5062442', '104', 34500, 7),
('00092', '謝穎青', '資深專員', 'D03', '高雄縣', '仁武鄉仁心路311號', '07-3711696', '814', 24500, 7),
('00093', '鍾海萍', '資深會計師', 'K01', '新竹市', '科學工業園區展業一路20號2樓', '035-770255', '300', 25000, 7),
('00094', '鍾智慧', '研發工程師', 'C03', '台北市', '八德路二段260號9樓', '02-7752450', '104', 29500, 7),
('00095', '簡清皛', '企劃專員', 'H01', '台北市', '中山北路六段75號', '02-8342662', '111', 31000, 7),
('00096', '魏阿輝', '美工專員', 'H01', '台南市', '安南區安和路二段269號', '06-2552171', '709', 30000, 7),
('00097', '顧舜生', '系統工程師', 'G01', '台中市', '台中工業區37路46號', '04-3594510', '400', 33300, 7);

-- --------------------------------------------------------

--
-- 資料表結構 `exp`
--

CREATE TABLE `exp` (
  `EmpId` varchar(5) NOT NULL,
  `OutsideJob1` varchar(13) DEFAULT NULL COMMENT '在外任職一',
  `OutsideJob2` varchar(16) DEFAULT NULL COMMENT '在外任職二',
  `CompJob1` varchar(13) DEFAULT NULL COMMENT '公司任職1',
  `CompJob2` varchar(13) DEFAULT NULL COMMENT '公司任職二'
) ENGINE=InnoDB DEFAULT CHARSET=utf8 COLLATE=utf8_general_ci;

--
-- 傾印資料表的資料 `exp`
--

INSERT INTO `exp` (`EmpId`, `OutsideJob1`, `OutsideJob2`, `CompJob1`, `CompJob2`) VALUES
('00001', '研發助理', '測試工程師', '助理工程師', NULL),
('00002', '研發工程師', '研發經理', '研發經理', '顧問工程師'),
('00003', '市場開發', '電子工程師', '研發工程師', '副工程師'),
('00004', '業務專員', '業務代表', '業務副理', NULL),
('00005', '業務代表', '業務經理', '業務副理', NULL),
('00006', '廣告企劃', '美工設計師', '企劃專員', '企劃副理'),
('00007', '行政助理', '行政專員', '行政專員', NULL),
('00008', '資訊人員', '工程副理', '維修經理', '研發經理'),
('00009', '工程助理', '維修工程師', '研發工程師', NULL),
('00010', '會計助理', '會計專員', '會計助理', NULL),
('00011', '業務助理', '業務專員', '業務專員', NULL),
('00012', '業務專員', '業務副理', '業務專員', '業務經理'),
('00013', '硬體工程師', '維修工程師', '維修工程師', '研發工程師'),
('00014', '測試工程師', '產品工程師', '副工程師', NULL),
('00015', '研發工程師', '業務專員', '業務經理', '業務副總'),
('00016', '電子工程師', '業務專員', '業務專員', '資深專員'),
('00017', '維修工程師', '電子工程師', '業務專員', '資深專員'),
('00018', '廣告企劃', '市場分析員', '企劃專員', '市場分析師'),
('00019', '技術員', '品管工程師', '採購專員', '維修工程師'),
('00020', '維修工程師', '工程部經理', '研發副理', NULL),
('00021', '電字工程師', '維修技術員', '助理工程師', NULL),
('00022', '軔體工程師', '業務專員', '業務專員', NULL),
('00023', '採購專員', '主管祕書', '會計助理', '會計專員'),
('00024', '總機', '行政助理', '會計助理', NULL),
('00025', '軔體工程師', '產品工程師', '研發工程師', '資深工程師'),
('00026', '工程助理', NULL, '助理工程師', NULL),
('00027', '硬體工程師', '業務專員', '業務專員', NULL),
('00028', '產品企劃', '行政企劃', '企劃專員', NULL),
('00029', '專櫃人員', '行政助理', '人事專員', '會計專員'),
('00030', '軔體工程師', '研發工程師', '研發工程師', '研發副總'),
('00031', '電子工程師', NULL, '維修助理', '採購專員'),
('00032', '軟體工程師', '系統分析師', '系統工程師', '資訊經理'),
('00033', '工程部助理', NULL, '助理工程師', NULL),
('00034', '研發工程師', '業務工程師', '業務專員', NULL),
('00035', '品管工程師', '測試經理', '副工程師', '維修副理'),
('00036', '業務專員', '業務經理', '業務副理', '業務經理'),
('00037', '服務生', NULL, '圖書助理', NULL),
('00038', '行政人員', '會計人員', '行政助理', '行政專員'),
('00039', '行政助理', '人事行政專員', '行政專員', '圖書館專員'),
('00040', '製程工程師', '技術支援工程師', '維修工程師', NULL),
('00041', '會計專員', '會計主任', '會計專員', '會計經理'),
('00042', '系統開發師', '軟體工程師', '程式設計師', NULL),
('00043', '行政專員', '會計', '會計專員', '會計師'),
('00044', '品管工程師', '電子工程師', '研發副理', '資深工程師'),
('00045', '程式設計師', '資訊專員', '系統工程師', NULL),
('00046', '軟體工程師', '資訊專員', '研發工程師', '程式設計師'),
('00047', '業務助理', NULL, '業務助理', NULL),
('00048', '業務專員', '業務經理', '業務副理', NULL),
('00049', '軔體工程師', '電子工程師', '維修助理', '維修工程師'),
('00050', '發行助理', NULL, '人事助理', NULL),
('00051', '採購專員', '研發工程師', '副工程師', NULL),
('00052', '行政助理', NULL, '採購助理', NULL),
('00053', '生技工程師', '維修工程師', '研發工程師', '研發經理'),
('00054', '業務代表', '業務經理', '業務副理', NULL),
('00055', '機構工程師', 'PCB layout工程師', '研發工程師', NULL),
('00056', '行政經理', '人事主任', '行政經理', NULL),
('00057', '數位工程師', '電子工程師', '研發工程師', '維修經理'),
('00058', '工程助理', NULL, '維修助理', NULL),
('00059', '採購專員', '業務專員', '業務專員', NULL),
('00060', '採購助理', NULL, '採購助理', NULL),
('00061', '門市人員', '業務助理', '人事助理', '人事專員'),
('00062', '硬體工程師', '技術支援工程師', '網路工程師', NULL),
('00063', '鍵檔小姐', NULL, '行政助理', NULL),
('00064', '會計助理', NULL, '業務助理', NULL),
('00065', '行政專員', '會計行政人員', '人事專員', NULL),
('00066', '採購助理', NULL, '業務助理', NULL),
('00067', '市場分析經理', '業務副理', '業務副理', '業務經理'),
('00068', '生技工程師', 'CAD工程師', '助理工程師', '副工程師'),
('00069', '業務專員', '業務副理', '業務專員', '業務經理'),
('00070', '產品企劃', '行銷企劃專員', '企劃專員', '企劃經理'),
('00071', '會計專員', '採購專員', '採購專員', '採購經理'),
('00072', '硬體工程師', '軔體工程師', '研發工程師', '研發副理'),
('00073', '硬體工程師', '總務人員', '採購專員', NULL),
('00074', '維修工程師', '電子工程師', '採購專員', '採購副理'),
('00075', '業務助理', '業務祕書', '特別助理', NULL),
('00076', '廣告助理', '廣告企劃', '企劃專員', NULL),
('00077', '人事專員', '行政副理', '人事專員', '人事經理'),
('00078', '工程部副理', 'FAE經理', '研發工程師', '研發副理'),
('00079', '搬運工', NULL, '圖書助理', NULL),
('00080', '行政助理', NULL, '業務助理', NULL),
('00081', '工讀生', NULL, '總機', NULL),
('00082', '總務專員', '行政專員', '行政專員', '人事專員'),
('00083', '電子工程師', '工程經理', '維修工程師', '維修經理'),
('00084', '硬體工程師', '工程副理', '研發工程師', NULL),
('00085', '電子工程師', '半導體工程師', '硬體工程師', NULL),
('00086', '廣告美編', '影像設計師', '美工專員', NULL),
('00087', '業務經理', '總經理', '業務經理', '業務副總'),
('00088', '企劃助理', NULL, '企劃助理', NULL),
('00089', '軔體工程師', 'FAE經理', '研發工程師', '研發經理'),
('00090', '廣告助理', NULL, '美工助理', NULL),
('00091', '行政助理', NULL, '企劃助理', '企劃專員'),
('00092', '維修工程師', '業務代表', '業務專員', '資深專員'),
('00093', '會計', '總務專員', '會計專員', '會計師'),
('00094', '系統分析師', '軔體工程師', '研發工程師', NULL),
('00095', '研發企劃', '外銷企劃', '企劃專員', NULL),
('00096', '設計助理', NULL, '美工助理', '美工專員'),
('00097', '系統分析師', '軟體工程師', '研發工程師', '系統工程師');

-- --------------------------------------------------------

--
-- 資料表結構 `inv`
--

CREATE TABLE `inv` (
  `ProdId` varchar(16) NOT NULL COMMENT '產品代號',
  `Stock` double DEFAULT NULL COMMENT '現存量',
  `SafeStock` double DEFAULT NULL COMMENT '安全存量'
) ENGINE=InnoDB DEFAULT CHARSET=utf8 COLLATE=utf8_general_ci;

--
-- 傾印資料表的資料 `inv`
--

INSERT INTO `inv` (`ProdId`, `Stock`, `SafeStock`) VALUES
('EIDE1RP', 1112, 1000),
('EIDE2RP', 4666, 1000),
('MB486P3R16', 1522, 1000),
('MB486P3R32', 566, 1000),
('MB486V3R16', 50, 1000),
('MB486V3R32', 2556, 1000),
('MB586E3R16', 251, 1000),
('MB586E3R32', 8466, 1000),
('MB586E7R16', 475, 1000),
('MB586E7R32', 5466, 1000),
('MB586P3R16', 4700, 1000),
('MB586P3R32', 3250, 1000),
('MB586V3R16', 2665, 1000),
('MB586V3R32', 1005, 1000),
('SCSIPB', 2586, 600),
('SCSIVB', 2145, 600),
('SVGAP1M', 986, 600),
('SVGAP2M', 589, 600),
('SVGAV1M', 1111, 600),
('SVGAV2M', 4565, 600);

-- --------------------------------------------------------

--
-- 資料表結構 `leav`
--

CREATE TABLE `leav` (
  `EmpID` varchar(5) NOT NULL,
  `Vacation` varchar(9) DEFAULT NULL COMMENT '假別',
  `Year` double DEFAULT NULL COMMENT '年',
  `Month` double DEFAULT NULL COMMENT '月',
  `Days` double DEFAULT NULL COMMENT '天數'
) ENGINE=InnoDB DEFAULT CHARSET=utf8 COLLATE=utf8_general_ci;

--
-- 傾印資料表的資料 `leav`
--

INSERT INTO `leav` (`EmpID`, `Vacation`, `Year`, `Month`, `Days`) VALUES
('00009', '病假', 2016, 1, 3),
('00023', '休假', 2016, 1, 2),
('00005', '病假', 2016, 4, 2),
('00018', '病假', 2016, 4, 1),
('00013', '婚假', 2016, 6, 7),
('00042', '休假', 2016, 6, 2),
('00029', '休假', 2016, 8, 1),
('00083', '病假', 2016, 9, 3),
('00074', '喪假', 2016, 10, 8),
('00064', '病假', 2016, 11, 2),
('00080', '事假', 2016, 11, 2),
('00004', '婚假', 2016, 12, 7),
('00069', '病假', 2016, 12, 6),
('00081', '病假', 2016, 12, 2),
('00002', '休假', 2017, 1, 4),
('00020', '事假', 2017, 1, 2),
('00036', '病假', 2017, 1, 1),
('00043', '休假', 2017, 1, 1),
('00044', '婚假', 2017, 1, 7),
('00057', '休假', 2017, 1, 2),
('00073', '事假', 2017, 1, 2),
('00074', '病假', 2017, 1, 1),
('00008', '休假', 2017, 2, 2),
('00009', '休假', 2017, 2, 3),
('00011', '休假', 2017, 2, 1),
('00018', '病假', 2017, 2, 1),
('00020', '事假', 2017, 2, 2),
('00039', '事假', 2017, 2, 2),
('00044', '病假', 2017, 2, 2),
('00055', '病假', 2017, 2, 1),
('00062', '休假', 2017, 2, 3),
('00087', '病假', 2017, 2, 2),
('00008', '病假', 2017, 3, 1),
('00009', '事假', 2017, 3, 2),
('00010', '事假', 2017, 3, 2),
('00015', '喪假', 2017, 3, 8),
('00020', '事假', 2017, 3, 1),
('00024', '休假', 2017, 3, 2),
('00028', '病假', 2017, 3, 1),
('00038', '休假', 2017, 3, 3),
('00046', '事假', 2017, 3, 2),
('00060', '病假', 2017, 3, 1),
('00092', '喪假', 2017, 3, 6),
('00012', '事假', 2017, 4, 1),
('00020', '病假', 2017, 4, 3),
('00025', '休假', 2017, 4, 2),
('00028', '休假', 2017, 4, 4),
('00031', '事假', 2017, 4, 1),
('00051', '休假', 2017, 4, 5),
('00052', '休假', 2017, 4, 3),
('00054', '病假', 2017, 4, 2),
('00055', '病假', 2017, 4, 2),
('00060', '病假', 2017, 4, 1),
('00063', '事假', 2017, 4, 2),
('00073', '休假', 2017, 4, 3),
('00089', '事假', 2017, 4, 2),
('00095', '病假', 2017, 4, 1),
('00007', '病假', 2017, 5, 2),
('00022', '休假', 2017, 5, 3),
('00034', '休假', 2017, 5, 3),
('00037', '事假', 2017, 5, 2),
('00046', '婚假', 2017, 5, 6),
('00071', '事假', 2017, 5, 2),
('00076', '休假', 2017, 5, 2),
('00091', '病假', 2017, 5, 2),
('00016', '婚假', 2017, 6, 7),
('00026', '事假', 2017, 6, 2),
('00031', '休假', 2017, 6, 7),
('00032', '病假', 2017, 6, 1),
('00032', '病假', 2017, 6, 1),
('00051', '休假', 2017, 6, 2),
('00052', '事假', 2017, 6, 1),
('00055', '病假', 2017, 6, 1),
('00059', '病假', 2017, 6, 2),
('00073', '病假', 2017, 6, 1),
('00079', '休假', 2017, 6, 1),
('00085', '病假', 2017, 6, 1),
('00089', '事假', 2017, 6, 1),
('00044', '事假', 2017, 7, 1),
('00051', '休假', 2017, 7, 2),
('00060', '休假', 2017, 7, 3),
('00035', '事假', 2017, 8, 2),
('00041', '病假', 2017, 8, 2),
('00047', '休假', 2017, 8, 1),
('00051', '休假', 2017, 8, 1),
('00055', '休假', 2017, 8, 1),
('00057', '休假', 2017, 8, 1),
('00062', '事假', 2017, 8, 1),
('00071', '喪假', 2017, 8, 2),
('00084', '休假', 2017, 8, 2),
('00089', '喪假', 2017, 8, 2),
('00097', '事假', 2017, 8, 1),
('00045', '事假', 2017, 9, 2),
('00056', '事假', 2017, 9, 2),
('00088', '事假', 2017, 10, 1),
('00093', '病假', 2017, 11, 1),
('00094', '病假', 2017, 12, 1),
('00009', '病假', 2018, 1, 3),
('00023', '休假', 2018, 1, 2),
('00005', '病假', 2018, 4, 2),
('00018', '病假', 2018, 4, 1),
('00013', '婚假', 2018, 6, 7),
('00042', '休假', 2018, 6, 2),
('00029', '休假', 2018, 8, 1),
('00083', '病假', 2018, 9, 3),
('00074', '喪假', 2018, 10, 8),
('00064', '病假', 2018, 11, 2),
('00080', '事假', 2018, 11, 2),
('00004', '婚假', 2018, 12, 7),
('00069', '病假', 2018, 12, 6),
('00081', '病假', 2018, 12, 2),
('00002', '休假', 2019, 1, 4),
('00020', '事假', 2019, 1, 2),
('00036', '病假', 2019, 1, 1),
('00043', '休假', 2019, 1, 1),
('00044', '婚假', 2019, 1, 7),
('00057', '休假', 2019, 1, 2),
('00073', '事假', 2019, 1, 2),
('00074', '病假', 2019, 1, 1),
('00008', '休假', 2019, 2, 2),
('00009', '休假', 2019, 2, 3),
('00011', '休假', 2019, 2, 1),
('00018', '病假', 2019, 2, 1),
('00020', '事假', 2019, 2, 2),
('00039', '事假', 2019, 2, 2),
('00044', '病假', 2019, 2, 2),
('00055', '病假', 2019, 2, 1),
('00062', '休假', 2019, 2, 3),
('00087', '病假', 2019, 2, 2),
('00008', '病假', 2019, 3, 1),
('00009', '事假', 2019, 3, 2),
('00010', '事假', 2019, 3, 2),
('00015', '喪假', 2019, 3, 8),
('00020', '事假', 2019, 3, 1),
('00024', '休假', 2019, 3, 2),
('00028', '病假', 2019, 3, 1),
('00038', '休假', 2019, 3, 3),
('00046', '事假', 2019, 3, 2),
('00060', '病假', 2019, 3, 1),
('00092', '喪假', 2019, 3, 6),
('00012', '事假', 2019, 4, 1),
('00020', '病假', 2019, 4, 3),
('00025', '休假', 2019, 4, 2),
('00028', '休假', 2019, 4, 4),
('00031', '事假', 2019, 4, 1),
('00051', '休假', 2019, 4, 5),
('00052', '休假', 2019, 4, 3),
('00054', '病假', 2019, 4, 2),
('00055', '病假', 2019, 4, 2),
('00060', '病假', 2019, 4, 1),
('00063', '事假', 2019, 4, 2),
('00073', '休假', 2019, 4, 3),
('00089', '事假', 2019, 4, 2),
('00095', '病假', 2019, 4, 1),
('00007', '病假', 2019, 5, 2),
('00022', '休假', 2019, 5, 3),
('00034', '休假', 2019, 5, 3),
('00037', '事假', 2019, 5, 2),
('00046', '婚假', 2019, 5, 6),
('00071', '事假', 2019, 5, 2),
('00076', '休假', 2019, 5, 2),
('00091', '病假', 2019, 5, 2),
('00016', '婚假', 2019, 6, 7),
('00026', '事假', 2019, 6, 2),
('00031', '休假', 2019, 6, 7),
('00032', '病假', 2019, 6, 1),
('00032', '病假', 2019, 6, 1),
('00051', '休假', 2019, 6, 2),
('00052', '事假', 2019, 6, 1),
('00055', '病假', 2019, 6, 1),
('00059', '病假', 2019, 6, 2),
('00073', '病假', 2019, 6, 1),
('00079', '休假', 2019, 6, 1),
('00085', '病假', 2019, 6, 1),
('00089', '事假', 2019, 6, 1),
('00044', '事假', 2019, 7, 1),
('00051', '休假', 2019, 7, 2),
('00060', '休假', 2019, 7, 3),
('00035', '事假', 2019, 8, 2),
('00041', '病假', 2019, 8, 2),
('00047', '休假', 2019, 8, 1),
('00051', '休假', 2019, 8, 1),
('00055', '休假', 2019, 8, 1),
('00057', '休假', 2019, 8, 1),
('00062', '事假', 2019, 8, 1),
('00071', '喪假', 2019, 8, 2),
('00084', '休假', 2019, 8, 2),
('00089', '喪假', 2019, 8, 2),
('00097', '事假', 2019, 8, 1),
('00045', '事假', 2019, 9, 2),
('00056', '事假', 2019, 9, 2),
('00088', '事假', 2019, 10, 1),
('00093', '病假', 2019, 11, 1),
('00094', '病假', 2019, 12, 1);

-- --------------------------------------------------------

--
-- 資料表結構 `orderdetail`
--

CREATE TABLE `orderdetail` (
  `seq` int(11) NOT NULL COMMENT '序號',
  `OrderId` varchar(8) NOT NULL COMMENT '訂單編號',
  `ProdId` varchar(14) NOT NULL COMMENT '產品代號',
  `Qty` int(11) NOT NULL COMMENT '數量',
  `Discount` float NOT NULL COMMENT '折扣',
  `post` tinyint(1) NOT NULL DEFAULT 0
) ENGINE=InnoDB DEFAULT CHARSET=utf8 COLLATE=utf8_general_ci;

--
-- 傾印資料表的資料 `orderdetail`
--

INSERT INTO `orderdetail` (`seq`, `OrderId`, `ProdId`, `Qty`, `Discount`, `post`) VALUES
(1, '83101', 'MB586V3R32', 2200, 0.9, 0),
(2, '83101', 'MB586E3R16', 1500, 1, 0),
(3, '83101', 'EIDE2RP', 1600, 1, 0),
(4, '83102', 'SVGAV1M', 890, 1, 0),
(5, '83102', 'SCSIPB', 1600, 0.8, 0),
(6, '83102', 'EIDE1RP', 320, 1, 0),
(7, '83102', 'MB586P3R16', 900, 1, 0),
(8, '83103', 'SVGAP2M', 1350, 1, 0),
(9, '83103', 'MB486V3R16', 1600, 0.8, 0),
(10, '83103', 'EIDE2RP', 1400, 1, 0),
(11, '83103', 'MB486V3R16', 500, 1, 0),
(12, '83104', 'SCSIPB', 1250, 1, 0),
(13, '83104', 'MB486V3R16', 1800, 0.8, 0),
(14, '83104', 'MB486P3R16', 1100, 1, 0),
(15, '83104', 'MB486P3R16', 620, 0.8, 0),
(16, '831057', 'SCSIPB', 1680, 1, 0),
(17, '831057', 'MB486P3R16', 1480, 1, 0),
(18, '831058', 'MB586E3R16', 820, 1, 0),
(19, '831058', 'MB586V3R16', 350, 0.8, 0),
(20, '831058', 'SCSIVB', 1480, 1, 0),
(21, '831058', 'MB486P3R16', 100, 0.7, 0),
(22, '831059', 'SCSIPB', 820, 1, 0),
(23, '831059', 'SCSIPB', 600, 1, 0),
(24, '831059', 'MB586E3R16', 720, 1, 0),
(25, '831060', 'EIDE1RP', 800, 1, 0),
(26, '831060', 'EIDE1RP', 1400, 0.7, 0),
(27, '831060', 'MB586E7R16', 800, 0.7, 0),
(28, '831061', 'MB586E3R16', 1500, 0.8, 0),
(29, '831061', 'EIDE2RP', 1600, 1, 0),
(30, '831061', 'SVGAV2M', 2200, 0.9, 0),
(31, '831162', 'SVGAP1M', 280, 0.9, 0),
(32, '831162', 'EIDE2RP', 480, 1, 0),
(33, '831162', 'SVGAP1M', 720, 1, 0),
(34, '831163', 'MB486P3R16', 380, 1, 0),
(35, '831163', 'MB486P3R16', 400, 1, 0),
(36, '831163', 'SVGAP2M', 2800, 0.9, 0),
(37, '831164', 'EIDE1RP', 580, 0.9, 0),
(38, '831164', 'MB486V3R16', 1800, 1, 0),
(39, '831164', 'MB486V3R16', 160, 1, 0),
(40, '831165', 'MB586V3R16', 900, 1, 0),
(41, '831165', 'MB586E3R16', 1600, 1, 0),
(42, '831166', 'MB586E7R32', 580, 1, 0),
(43, '831166', 'MB486P3R16', 800, 1, 0),
(44, '831166', 'MB586E3R16', 800, 1, 0),
(45, '831167', 'MB586E7R32', 2000, 1, 0),
(46, '831167', 'SVGAP2M', 200, 1, 0),
(47, '831167', 'MB586E7R32', 1440, 1, 0),
(48, '831168', 'MB486V3R16', 1500, 1, 0),
(49, '831168', 'MB586P3R16', 1000, 1, 0),
(50, '831168', 'MB586E3R16', 1200, 1, 0),
(51, '831269', 'SVGAP2M', 1100, 1, 0),
(52, '831269', 'MB486V3R16', 600, 1, 0),
(53, '831269', 'MB586E7R32', 200, 1, 0),
(54, '831269', 'SVGAV2M', 180, 1, 0),
(55, '831270', 'SVGAV2M', 180, 1, 0),
(56, '831270', 'MB586E3R16', 400, 1, 0),
(57, '831270', 'SVGAP2M', 1000, 1, 0),
(58, '831270', 'SCSIVB', 1100, 1, 0),
(59, '831271', 'MB586P3R16', 580, 1, 0),
(60, '831271', 'EIDE1RP', 1000, 1, 0),
(61, '831271', 'MB586E3R16', 1750, 1, 0),
(62, '831271', 'MB586P3R16', 1020, 1, 0),
(63, '83205', 'EIDE2RP', 1900, 1, 0),
(64, '83205', 'MB586E7R32', 340, 1, 0),
(65, '83205', 'MB486V3R16', 250, 1, 0),
(66, '83206', 'MB486V3R16', 220, 1, 0),
(67, '83206', 'MB586E3R16', 130, 1, 0),
(68, '83206', 'MB586E3R16', 440, 1, 0),
(69, '83307', 'MB586V3R32', 920, 1, 0),
(70, '83307', 'SVGAV1M', 600, 1, 0),
(71, '83307', 'SCSIVB', 480, 1, 0),
(72, '83308', 'EIDE2RP', 1180, 1, 0),
(73, '83308', 'MB586V3R16', 1900, 0.75, 0),
(74, '83308', 'EIDE2RP', 180, 0.8, 0),
(75, '83309', 'SVGAP1M', 180, 1, 0),
(76, '83309', 'MB486P3R16', 520, 1, 0),
(77, '83309', 'MB486P3R16', 220, 1, 0),
(78, '83310', 'MB486V3R16', 680, 1, 0),
(79, '83310', 'SVGAP1M', 800, 1, 0),
(80, '83311', 'MB586E7R32', 1280, 1, 0),
(81, '83311', 'MB586E7R32', 300, 1, 0),
(82, '83311', 'SCSIPB', 240, 1, 0),
(83, '83312', 'MB486V3R16', 160, 1, 0),
(84, '83312', 'EIDE1RP', 580, 1, 0),
(85, '83312', 'MB486V3R16', 1800, 0.9, 0),
(86, '83413', 'EIDE2RP', 900, 1, 0),
(87, '83413', 'MB586E3R16', 1600, 1, 0),
(88, '83414', 'MB586E7R32', 160, 1, 0),
(89, '83414', 'MB586E3R16', 600, 1, 0),
(90, '83414', 'MB486V3R16', 600, 0.9, 0),
(91, '83414', 'MB486V3R16', 860, 1, 0),
(92, '83415', 'MB586E7R32', 1450, 1, 0),
(93, '83415', 'SVGAV2M', 240, 1, 0),
(94, '83415', 'MB586P3R16', 980, 1, 0),
(95, '83415', 'MB586E3R16', 900, 0.9, 0),
(96, '83416', 'SCSIVB', 480, 1, 0),
(97, '83416', 'SVGAV1M', 920, 1, 0),
(98, '83416', 'SVGAV1M', 600, 1, 0),
(99, '83417', 'SCSIPB', 260, 1, 0),
(100, '83417', 'MB586E3R16', 600, 1, 0),
(101, '83417', 'SVGAP1M', 300, 1, 0),
(102, '83417', 'SVGAV1M', 1600, 0.9, 0),
(103, '83418', 'MB586V3R16', 140, 1, 0),
(104, '83418', 'SVGAV2M', 860, 1, 0),
(105, '83419', 'SCSIVB', 1100, 1, 0),
(106, '83419', 'SVGAV2M', 180, 1, 0),
(107, '83419', 'MB586E3R16', 400, 1, 0),
(108, '83419', 'SVGAP2M', 1000, 1, 0),
(109, '83520', 'MB586P3R16', 900, 1, 0),
(110, '83520', 'SVGAV1M', 890, 1, 0),
(111, '83520', 'MB586V3R32', 1600, 1, 0),
(112, '83520', 'EIDE1RP', 320, 1, 0),
(113, '83521', 'MB486V3R16', 1400, 1, 0),
(114, '83521', 'SVGAP1M', 1100, 1, 0),
(115, '83521', 'EIDE1RP', 960, 1, 0),
(116, '83521', 'MB486V3R16', 520, 1, 0),
(117, '83522', 'MB486P3R16', 1100, 1, 0),
(118, '83522', 'MB486P3R32', 620, 1, 0),
(119, '83522', 'SCSIPB', 1250, 1, 0),
(120, '83522', 'MB486V3R16', 1800, 1, 0),
(121, '83523', 'MB486V3R16', 500, 1, 0),
(122, '83523', 'MB486P3R32', 1200, 1, 0),
(123, '83523', 'SCSIPB', 60, 1, 0),
(124, '83524', 'EIDE2RP', 480, 1, 0),
(125, '83524', 'SVGAP1M', 720, 1, 0),
(126, '83524', 'SVGAP1M', 280, 1, 0),
(127, '83525', 'SCSIPB', 1020, 1, 0),
(128, '83525', 'SVGAP1M', 1480, 1, 0),
(129, '83525', 'EIDE1RP', 1200, 1, 0),
(130, '83525', 'MB586E7R32', 600, 1, 0),
(131, '83526', 'MB586P3R16', 1020, 1, 0),
(132, '83526', 'MB586P3R16', 580, 1, 0),
(133, '83526', 'EIDE1RP', 1000, 1, 0),
(134, '83526', 'MB586E3R16', 1750, 1, 0),
(135, '83627', 'MB486P3R32', 1200, 1, 0),
(136, '83627', 'SCSIPB', 60, 1, 0),
(137, '83627', 'MB486V3R16', 500, 1, 0),
(138, '83628', 'EIDE1RP', 1600, 1, 0),
(139, '83628', 'SVGAP1M', 1200, 1, 0),
(140, '83628', 'MB486V3R32', 600, 1, 0),
(141, '83628', 'MB586V3R16', 600, 1, 0),
(142, '83629', 'MB486P3R32', 200, 1, 0),
(143, '83629', 'EIDE2RP', 1200, 1, 0),
(144, '83629', 'MB486V3R32', 820, 1, 0),
(145, '83629', 'SVGAP2M', 600, 1, 0),
(146, '83630', 'MB586E7R32', 500, 1, 0),
(147, '83630', 'MB486V3R32', 1480, 1, 0),
(148, '83630', 'EIDE2RP', 1800, 1, 0),
(149, '83630', 'MB586E3R16', 880, 1, 0),
(150, '83631', 'SVGAV2M', 2200, 1, 0),
(151, '83631', 'MB586E3R16', 1500, 1, 0),
(152, '83631', 'EIDE2RP', 1600, 1, 0),
(153, '83632', 'MB486V3R32', 350, 1, 0),
(154, '83632', 'SCSIVB', 1480, 1, 0),
(155, '83632', 'MB486P3R32', 100, 1, 0),
(156, '83632', 'MB586E3R16', 820, 1, 0),
(157, '83633', 'MB586E7R32', 700, 1, 0),
(158, '83633', 'MB486V3R32', 700, 1, 0),
(159, '83633', 'MB586P3R16', 1980, 1, 0),
(160, '83633', 'EIDE1RP', 1500, 1, 0),
(161, '83634', 'EIDE1RP', 1450, 1, 0),
(162, '83634', 'MB586E3R32', 1400, 1, 0),
(163, '83634', 'SVGAV1M', 900, 1, 0),
(164, '83634', 'MB586V3R16', 1500, 1, 0),
(165, '83735', 'EIDE2RP', 700, 1, 0),
(166, '83735', 'SVGAV2M', 1100, 1, 0),
(167, '83735', 'SCSIVB', 430, 1, 0),
(168, '83735', 'MB486V3R32', 1200, 1, 0),
(169, '83736', 'SCSIPB', 820, 1, 0),
(170, '83736', 'SCSIPB', 600, 1, 0),
(171, '83736', 'MB586E3R32', 720, 1, 0),
(172, '83737', 'MB486V3R16', 1700, 1, 0),
(173, '83741', 'MB486V3R32', 1800, 1, 0),
(174, '83741', 'MB486V3R32', 160, 1, 0),
(175, '83741', 'EIDE1RP', 580, 1, 0),
(176, '83742', 'MB586E3R32', 180, 1, 0),
(177, '83742', 'MB586E3R32', 1650, 1, 0),
(178, '83742', 'SVGAP1M', 1400, 1, 0),
(179, '83843', 'MB586P3R16', 980, 1, 0),
(180, '83843', 'MB586E3R32', 900, 1, 0),
(181, '83843', 'MB586E7R16', 1450, 1, 0),
(182, '83843', 'SVGAV2M', 240, 1, 0),
(183, '83844', 'MB586E7R16', 600, 1, 0),
(184, '83844', 'MB586V3R16', 1020, 1, 0),
(185, '83844', 'SVGAP1M', 1480, 1, 0),
(186, '83844', 'EIDE1RP', 1200, 1, 0),
(187, '83845', 'MB486V3R32', 600, 1, 0),
(188, '83845', 'MB486P3R32', 600, 1, 0),
(189, '83845', 'EIDE1RP', 1600, 1, 0),
(190, '83845', 'SVGAP1M', 1200, 1, 0),
(191, '83846', 'MB486V3R16', 300, 1, 0),
(192, '83846', 'SVGAV1M', 1450, 1, 0),
(193, '83846', 'SVGAV1M', 900, 1, 0),
(194, '83847', 'MB486P3R32', 200, 1, 0),
(195, '83847', 'EIDE2RP', 1200, 1, 0),
(196, '83847', 'MB486V3R16', 820, 1, 0),
(197, '83847', 'SVGAP2M', 600, 1, 0),
(198, '83848', 'MB586E7R16', 200, 1, 0),
(199, '83848', 'MB586V3R32', 180, 1, 0),
(200, '83848', 'SVGAP2M', 1100, 1, 0),
(201, '83848', 'MB486V3R16', 600, 1, 0),
(202, '83849', 'MB586E3R32', 1900, 1, 0),
(203, '83849', 'SCSIVB', 1050, 1, 0),
(204, '83849', 'MB486P3R32', 480, 1, 0),
(205, '83849', 'MB486P3R32', 920, 1, 0),
(206, '83950', 'SVGAP1M', 280, 1, 0),
(207, '83950', 'EIDE2RP', 480, 1, 0),
(208, '83950', 'SVGAP1M', 720, 1, 0),
(209, '83951', 'MB486V3R16', 500, 1, 0),
(210, '83951', 'SVGAP2M', 1350, 1, 0),
(211, '83951', 'MB486V3R16', 1600, 1, 0),
(212, '83951', 'EIDE2RP', 1400, 1, 0),
(213, '83952', 'MB586V3R16', 1900, 1, 0),
(214, '83952', 'SCSIVB', 1050, 1, 0),
(215, '83952', 'MB486P3R32', 480, 1, 0),
(216, '83952', 'MB486P3R32', 920, 1, 0),
(217, '83953', 'MB486V3R16', 420, 1, 0),
(218, '83953', 'MB486V3R16', 280, 1, 0),
(219, '83953', 'MB486V3R32', 800, 1, 0),
(220, '83954', 'MB586E7R16', 260, 1, 0),
(221, '83954', 'MB586E7R16', 380, 1, 0),
(222, '83955', 'MB586P3R16', 200, 1, 0),
(223, '83955', 'MB586E7R16', 560, 1, 0),
(224, '83955', 'MB586E7R16', 1500, 1, 0),
(225, '83956', 'MB486V3R32', 1400, 1, 0),
(226, '83956', 'SVGAP1M', 1100, 1, 0),
(227, '83956', 'EIDE1RP', 960, 1, 0),
(228, '83956', 'MB486V3R32', 520, 1, 0),
(229, '8410120', 'SVGAP2M', 600, 1, 0),
(230, '8410120', 'MB486P3R16', 200, 1, 0),
(231, '8410120', 'MB586V3R16', 1200, 1, 0),
(232, '8410120', 'MB486V3R16', 820, 1, 0),
(233, '8410121', 'EIDE1RP', 1500, 1, 0),
(234, '8410121', 'MB586E7R16', 700, 1, 0),
(235, '8410121', 'MB486V3R16', 700, 1, 0),
(236, '8410121', 'MB586P3R16', 1980, 1, 0),
(237, '8410122', 'EIDE2RP', 1800, 1, 0),
(238, '8410122', 'MB586E3R32', 880, 1, 0),
(239, '8410122', 'MB586E7R16', 500, 1, 0),
(240, '8410122', 'MB486V3R16', 1480, 1, 0),
(241, '8410123', 'SVGAV1M', 900, 1, 0),
(242, '8410123', 'MB486V3R16', 1500, 1, 0),
(243, '8410123', 'EIDE1RP', 1450, 1, 0),
(244, '8410123', 'MB586E3R32', 1400, 1, 0),
(245, '8410124', 'MB586E7R16', 1280, 1, 0),
(246, '8410124', 'MB586E7R16', 300, 1, 0),
(247, '8410124', 'SCSIPB', 240, 1, 0),
(248, '8410125', 'SVGAP2M', 800, 1, 0),
(249, '8410125', 'MB486V3R16', 340, 1, 0),
(250, '8410125', 'SVGAP2M', 410, 1, 0),
(251, '8410126', 'MB586E3R32', 120, 1, 0),
(252, '8410126', 'SCSIVB', 600, 1, 0),
(253, '8410126', 'SCSIVB', 720, 1, 0),
(254, '8410127', 'MB586E7R16', 1900, 0.9, 0),
(255, '8410127', 'EIDE2RP', 180, 1, 0),
(256, '8410127', 'EIDE2RP', 1180, 1, 0),
(257, '8411128', 'MB586V3R16', 2100, 1, 0),
(258, '8411128', 'MB486V3R32', 220, 1, 0),
(259, '8411128', 'MB486V3R32', 620, 1, 0),
(260, '8411129', 'MB486P3R16', 520, 1, 0),
(261, '8411129', 'MB486P3R16', 220, 1, 0),
(262, '8411129', 'SVGAP1M', 180, 1, 0),
(263, '8411130', 'SCSIVB', 120, 1, 0),
(264, '8411130', 'MB486V3R32', 2100, 1, 0),
(265, '8411130', 'MB486V3R32', 120, 1, 0),
(266, '8411131', 'MB586E3R32', 150, 1, 0),
(267, '8411131', 'MB486V3R32', 300, 1, 0),
(268, '8411131', 'MB586E7R16', 600, 1, 0),
(269, '8411131', 'MB486P3R16', 1500, 1, 0),
(270, '8411132', 'SVGAV2M', 240, 1, 0),
(271, '8411132', 'MB586P3R16', 980, 1, 0),
(272, '8411132', 'MB586E3R32', 900, 1, 0),
(273, '8411132', 'MB586E7R16', 1450, 1, 0),
(274, '8412133', 'MB586E7R16', 300, 1, 0),
(275, '8412133', 'SCSIPB', 240, 1, 0),
(276, '8412133', 'MB586E7R32', 1280, 1, 0),
(277, '8412134', 'SVGAV1M', 180, 1, 0),
(278, '8412134', 'SVGAP1M', 220, 1, 0),
(279, '8412134', 'MB486V3R32', 820, 1, 0),
(280, '8412134', 'MB586E7R32', 480, 1, 0),
(281, '8412135', 'SVGAP1M', 300, 1, 0),
(282, '8412135', 'SVGAV1M', 1600, 1, 0),
(283, '8412135', 'SCSIPB', 260, 1, 0),
(284, '8412135', 'MB586E3R32', 600, 1, 0),
(285, '8412136', 'MB586E7R32', 600, 1, 0),
(286, '8412136', 'SCSIPB', 1020, 1, 0),
(287, '8412136', 'SVGAP1M', 1480, 1, 0),
(288, '8412136', 'EIDE1RP', 1200, 1, 0),
(289, '8412137', 'SCSIVB', 800, 1, 0),
(290, '8412137', 'SVGAP2M', 2500, 1, 0),
(291, '8412137', 'EIDE2RP', 1400, 1, 0),
(292, '8412137', 'MB586E7R32', 900, 1, 0),
(293, '84172', 'MB486V3R32', 350, 1, 0),
(294, '84172', 'MB586E7R32', 400, 1, 0),
(295, '84173', 'SVGAV1M', 900, 1, 0),
(296, '84173', 'MB486V3R32', 1500, 1, 0),
(297, '84173', 'EIDE1RP', 1450, 1, 0),
(298, '84173', 'MB586E3R32', 1400, 1, 0),
(299, '84174', 'SVGAP1M', 1400, 1, 0),
(300, '84174', 'MB586E3R32', 180, 1, 0),
(301, '84174', 'MB586E3R32', 1650, 1, 0),
(302, '84275', 'EIDE1RP', 900, 1, 0),
(303, '84275', 'SVGAV2M', 1000, 1, 0),
(304, '84376', 'MB586E7R32', 2000, 1, 0),
(305, '84376', 'SVGAP2M', 200, 1, 0),
(306, '84376', 'MB586E7R32', 1440, 1, 0),
(307, '84377', 'MB486V3R32', 1700, 1, 0),
(308, '84377', 'SVGAV1M', 80, 1, 0),
(309, '84377', 'MB486V3R32', 260, 1, 0),
(310, '84377', 'MB486P3R16', 2100, 1, 0),
(311, '84378', 'MB486V3R32', 220, 1, 0),
(312, '84378', 'MB586V3R32', 620, 1, 0),
(313, '84378', 'SVGAV2M', 2100, 1, 0),
(314, '84379', 'SVGAP2M', 2800, 1, 0),
(315, '84379', 'MB486P3R16', 380, 1, 0),
(316, '84379', 'MB486P3R16', 400, 1, 0),
(317, '84380', 'MB586P3R16', 260, 1, 0),
(318, '84380', 'SCSIPB', 120, 1, 0),
(319, '84380', 'MB586P3R16', 180, 1, 0),
(320, '84481', 'MB486V3R32', 1500, 1, 0),
(321, '84481', 'MB586P3R16', 1000, 1, 0),
(322, '84481', 'MB586E3R32', 1200, 1, 0),
(323, '84482', 'MB486P3R16', 800, 1, 0),
(324, '84482', 'MB586E3R32', 800, 1, 0),
(325, '84482', 'MB586E7R32', 580, 0.9, 0),
(326, '84483', 'MB486V3R32', 600, 1, 0),
(327, '84483', 'MB586V3R32', 200, 1, 0),
(328, '84483', 'SVGAV2M', 180, 1, 0),
(329, '84483', 'SVGAP2M', 1100, 1, 0),
(330, '84584', 'SVGAV1M', 900, 1, 0),
(331, '84584', 'MB486V3R32', 150, 1, 0),
(332, '84585', 'SVGAV1M', 600, 1, 0),
(333, '84585', 'SCSIVB', 480, 1, 0),
(334, '84585', 'SVGAV1M', 920, 1, 0),
(335, '84586', 'EIDE2RP', 700, 1, 0),
(336, '84586', 'SVGAV2M', 1100, 1, 0),
(337, '84586', 'SCSIVB', 430, 1, 0),
(338, '84586', 'MB486V3R32', 1200, 1, 0),
(339, '84587', 'MB486V3R32', 500, 1, 0),
(340, '84587', 'SVGAP2M', 1350, 1, 0),
(341, '84587', 'MB486V3R32', 1600, 1, 0),
(342, '84587', 'EIDE2RP', 1400, 1, 0),
(343, '84588', 'MB586E3R32', 1900, 1, 0),
(344, '84588', 'SCSIVB', 1050, 1, 0),
(345, '84588', 'MB486P3R16', 480, 1, 0),
(346, '84588', 'MB486P3R16', 920, 1, 0),
(347, '84589', 'MB586E3R32', 1750, 1, 0),
(348, '84589', 'MB586P3R16', 1020, 1, 0),
(349, '84589', 'MB586P3R32', 580, 1, 0),
(350, '84589', 'EIDE1RP', 1000, 1, 0),
(351, '84590', 'MB486V3R32', 250, 1, 0),
(352, '84590', 'EIDE2RP', 1900, 1, 0),
(353, '84590', 'MB586E7R32', 340, 1, 0),
(354, '84691', 'MB486V3R16', 680, 1, 0),
(355, '84691', 'SVGAP1M', 800, 1, 0),
(356, '84692', 'MB486P3R16', 720, 1, 0),
(357, '84692', 'SVGAP2M', 520, 1, 0),
(358, '84693', 'MB486V3R16', 220, 1, 0),
(359, '84693', 'SCSIVB', 1580, 1, 0),
(360, '84693', 'MB586P3R32', 1050, 1, 0),
(361, '84694', 'SCSIPB', 1680, 1, 0),
(362, '84694', 'MB486P3R32', 1480, 0.9, 0),
(363, '84695', 'SCSIVB', 1480, 1, 0),
(364, '84695', 'MB486P3R32', 100, 1, 0),
(365, '84695', 'MB586E3R32', 820, 1, 0),
(366, '84695', 'MB486V3R32', 350, 1, 0),
(367, '84696', 'MB586P3R32', 980, 1, 0),
(368, '84696', 'EIDE1RP', 1500, 1, 0),
(369, '84696', 'MB586E7R32', 700, 1, 0),
(370, '84696', 'MB486V3R32', 700, 1, 0),
(371, '84697', 'SVGAV1M', 900, 1, 0),
(372, '84697', 'MB486V3R16', 1500, 1, 0),
(373, '84697', 'EIDE1RP', 1450, 1, 0),
(374, '84697', 'MB586E3R16', 1400, 1, 0),
(375, '84698', 'SVGAP1M', 1400, 1, 0),
(376, '84698', 'MB586E3R16', 180, 1, 0),
(377, '84698', 'MB586E3R16', 1650, 1, 0),
(378, '84699', 'SVGAP2M', 410, 1, 0),
(379, '84699', 'SVGAP2M', 800, 1, 0),
(380, '84699', 'MB486V3R16', 340, 1, 0),
(381, '847100', 'EIDE1RP', 900, 1, 0),
(382, '847100', 'SVGAV2M', 1000, 1, 0),
(383, '847101', 'SCSIVB', 600, 1, 0),
(384, '847101', 'SCSIVB', 720, 1, 0),
(385, '847101', 'MB586E3R16', 120, 1, 0),
(386, '847102', 'EIDE1RP', 1400, 1, 0),
(387, '847102', 'MB586E7R32', 800, 1, 0),
(388, '847102', 'EIDE1RP', 800, 1, 0),
(389, '847103', 'MB586P3R32', 260, 0.9, 0),
(390, '847103', 'SCSIPB', 120, 0.9, 0),
(391, '847103', 'MB586P3R32', 1180, 1, 0),
(392, '847104', 'SCSIVB', 120, 1, 0),
(393, '847104', 'MB486V3R16', 2100, 1, 0),
(394, '847104', 'MB486V3R16', 120, 1, 0),
(395, '84739', 'MB486P3R32', 1600, 0.8, 0),
(396, '84740', 'MB486V3R16', 1700, 1, 0),
(397, '84740', 'SVGAV1M', 80, 1, 0),
(398, '84740', 'MB486V3R16', 260, 1, 0),
(399, '84740', 'MB486P3R32', 2100, 1, 0),
(400, '848105', 'MB586E7R32', 2000, 1, 0),
(401, '848105', 'SVGAP2M', 200, 1, 0),
(402, '848105', 'MB586E7R32', 1440, 1, 0),
(403, '848106', 'MB586V3R32', 1500, 1, 0),
(404, '848106', 'MB586P3R32', 1080, 1, 0),
(405, '848106', 'MB586E3R16', 1200, 1, 0),
(406, '848107', 'MB586E7R32', 160, 1, 0),
(407, '848107', 'MB586E3R16', 600, 1, 0),
(408, '848107', 'MB486V3R16', 600, 1, 0),
(409, '848107', 'MB486V3R16', 860, 1, 0),
(410, '848108', 'MB486P3R32', 1500, 1, 0),
(411, '848108', 'MB586E3R16', 150, 1, 0),
(412, '848108', 'MB486V3R16', 300, 1, 0),
(413, '848108', 'MB586E7R32', 600, 0.8, 0),
(414, '848109', 'SVGAP1M', 220, 1, 0),
(415, '848109', 'MB486V3R16', 820, 1, 0),
(416, '848109', 'MB586E7R16', 480, 1, 0),
(417, '848109', 'SVGAV1M', 180, 1, 0),
(418, '848110', 'SVGAV1M', 1600, 1, 0),
(419, '848110', 'SCSIPB', 260, 1, 0),
(420, '848110', 'MB586E3R16', 600, 1, 0),
(421, '848110', 'SVGAP1M', 300, 1, 0),
(422, '848111', 'EIDE2RP', 1400, 1, 0),
(423, '848111', 'MB586E7R16', 900, 1, 0),
(424, '848111', 'SCSIVB', 800, 1, 0),
(425, '848111', 'SVGAP2M', 2500, 1, 0),
(426, '848112', 'EIDE2RP', 700, 1, 0),
(427, '848112', 'SVGAV2M', 1100, 1, 0),
(428, '848112', 'SCSIVB', 430, 1, 0),
(429, '848112', 'MB486V3R16', 1200, 1, 0),
(430, '849113', 'SVGAP1M', 1100, 1, 0),
(431, '849113', 'EIDE1RP', 960, 1, 0),
(432, '849113', 'MB486V3R16', 520, 1, 0),
(433, '849113', 'MB486V3R16', 1400, 1, 0),
(434, '849114', 'MB486P3R32', 620, 1, 0),
(435, '849114', 'SCSIPB', 1250, 1, 0),
(436, '849114', 'MB486V3R16', 1800, 1, 0),
(437, '849114', 'MB486P3R32', 1100, 1, 0),
(438, '849115', 'MB586P3R32', 1020, 1, 0),
(439, '849115', 'MB586P3R32', 2580, 1, 0),
(440, '849115', 'EIDE1RP', 1000, 1, 0),
(441, '849115', 'MB586E3R16', 1750, 1, 0),
(442, '849116', 'EIDE2RP', 1900, 1, 0),
(443, '849116', 'MB586E7R16', 340, 1, 0),
(444, '849116', 'MB486V3R16', 250, 1, 0),
(445, '849117', 'MB486V3R16', 220, 1, 0),
(446, '849117', 'MB586E3R16', 130, 1, 0),
(447, '849117', 'MB586E3R16', 440, 1, 0),
(448, '849118', 'MB586E3R16', 160, 1, 0),
(449, '849118', 'MB486P3R32', 220, 1, 0),
(450, '849118', 'MB586E3R16', 280, 1, 0),
(451, '849119', 'MB486V3R32', 680, 1, 0),
(452, '849119', 'SVGAV2M', 750, 1, 0),
(453, '849119', 'SVGAV2M', 1400, 1, 0),
(454, '8510141', 'MB486V3R32', 350, 1, 0),
(455, '8510141', 'SCSIVB', 1480, 1, 0),
(456, '8510141', 'MB486P3R32', 100, 1, 0),
(457, '8510141', 'MB586V3R32', 820, 1, 0),
(458, '8510163', 'SVGAP2M', 410, 1, 0),
(459, '8510163', 'SVGAP2M', 800, 1, 0),
(460, '8510163', 'MB486V3R32', 340, 1, 0),
(461, '8511175', 'MB586E7R16', 160, 1, 0),
(462, '8511175', 'MB586E3R16', 600, 1, 0),
(463, '8511175', 'MB486V3R16', 600, 1, 0),
(464, '8511175', 'MB486V3R32', 860, 1, 0),
(465, '8511179', 'MB486V3R32', 400, 1, 0),
(466, '8511190', 'MB486V3R32', 700, 1, 0),
(467, '8511190', 'MB586P3R32', 1980, 1, 0),
(468, '8511190', 'EIDE1RP', 1500, 1, 0),
(469, '8511190', 'MB586E7R16', 700, 1, 0),
(470, '8511194', 'MB486P3R32', 2100, 1, 0),
(471, '8511194', 'MB486V3R32', 1700, 1, 0),
(472, '8511194', 'SVGAV1M', 80, 1, 0),
(473, '8511194', 'MB486V3R32', 260, 1, 0),
(474, '851164', 'MB586P3R32', 3180, 1, 0),
(475, '851164', 'MB586P3R32', 260, 1, 0),
(476, '851164', 'SCSIPB', 120, 1, 0),
(477, '851167', 'MB486V3R32', 600, 1, 0),
(478, '851167', 'MB486P3R32', 600, 1, 0),
(479, '851167', 'EIDE1RP', 1600, 1, 0),
(480, '851167', 'SVGAP1M', 1200, 1, 0),
(481, '851168', 'MB586P3R32', 2300, 1, 0),
(482, '851168', 'MB586E7R16', 560, 1, 0),
(483, '851168', 'MB586E7R16', 1500, 1, 0),
(484, '851176', 'MB486P3R32', 920, 1, 0),
(485, '851176', 'MB586E3R16', 1900, 1, 0),
(486, '851176', 'SCSIVB', 1050, 1, 0),
(487, '851176', 'MB486P3R16', 480, 1, 0),
(488, '851191', 'MB586E3R16', 580, 1, 0),
(489, '851191', 'MB586P3R32', 280, 1, 0),
(490, '851195', 'SVGAP1M', 1100, 1, 0),
(491, '851195', 'EIDE1RP', 960, 1, 0),
(492, '851195', 'MB586V3R32', 520, 1, 0),
(493, '851195', 'MB486V3R32', 1400, 1, 0),
(494, '8512166', 'MB586E3R16', 880, 1, 0),
(495, '8512166', 'MB586E7R16', 500, 1, 0),
(496, '8512166', 'MB486V3R32', 1480, 1, 0),
(497, '8512166', 'EIDE2RP', 1800, 1, 0),
(498, '8512201', 'SVGAV2M', 750, 1, 0),
(499, '8512201', 'SVGAV2M', 1400, 1, 0),
(500, '8512201', 'MB486V3R32', 680, 1, 0),
(501, '852169', 'MB586E7R16', 560, 1, 0),
(502, '852169', 'MB586E7R16', 1500, 1, 0),
(503, '852169', 'MB586P3R32', 2200, 1, 0),
(504, '852172', 'MB486V3R32', 280, 1, 0),
(505, '852172', 'MB486V3R32', 800, 1, 0),
(506, '852172', 'MB486V3R16', 420, 1, 0),
(507, '852188', 'SVGAV2M', 2100, 1, 0),
(508, '852188', 'MB486V3R32', 220, 1, 0),
(509, '852188', 'MB486V3R32', 620, 1, 0),
(510, '853138', 'MB586E3R16', 280, 1, 0),
(511, '853138', 'MB586E3R16', 160, 1, 0),
(512, '853138', 'MB486P3R16', 220, 1, 0),
(513, '853142', 'SVGAV1M', 1600, 1, 0),
(514, '853142', 'SCSIPB', 260, 1, 0),
(515, '853142', 'MB586E3R32', 600, 1, 0),
(516, '853142', 'SVGAP1M', 300, 1, 0),
(517, '853155', 'SVGAV1M', 900, 1, 0),
(518, '853155', 'MB486V3R32', 150, 1, 0),
(519, '853156', 'MB586E3R32', 150, 1, 0),
(520, '853156', 'MB486V3R16', 300, 1, 0),
(521, '853156', 'MB586E7R16', 600, 1, 0),
(522, '853156', 'MB486P3R16', 1500, 1, 0),
(523, '853161', 'SVGAP2M', 1350, 1, 0),
(524, '853161', 'MB486V3R32', 1600, 1, 0),
(525, '853161', 'EIDE2RP', 1400, 1, 0),
(526, '853161', 'MB486V3R32', 500, 1, 0),
(527, '853177', 'MB486V3R16', 120, 1, 0),
(528, '853177', 'SCSIVB', 120, 1, 0),
(529, '853177', 'MB486V3R16', 2100, 1, 0),
(530, '853184', 'SVGAV2M', 860, 1, 0),
(531, '853184', 'MB486V3R16', 140, 1, 0),
(532, '853198', 'MB486V3R16', 680, 1, 0),
(533, '853198', 'SVGAV2M', 750, 1, 0),
(534, '853198', 'SVGAV2M', 1400, 1, 0),
(535, '854146', 'SVGAV1M', 180, 1, 0),
(536, '854146', 'SVGAP1M', 220, 1, 0),
(537, '854146', 'MB486V3R16', 820, 1, 0),
(538, '854146', 'MB586E7R16', 480, 1, 0),
(539, '854147', 'SVGAV1M', 1450, 1, 0),
(540, '854147', 'SVGAV1M', 900, 1, 0),
(541, '854147', 'MB486V3R16', 300, 1, 0),
(542, '854151', 'SVGAV2M', 180, 1, 0),
(543, '854151', 'MB586E3R32', 400, 1, 0),
(544, '854151', 'SVGAP2M', 1000, 1, 0),
(545, '854151', 'SCSIVB', 1100, 1, 0),
(546, '854157', 'MB586E3R32', 150, 1, 0),
(547, '854157', 'MB486V3R16', 300, 1, 0),
(548, '854157', 'MB586E7R16', 600, 1, 0),
(549, '854157', 'MB486P3R16', 1500, 1, 0),
(550, '854158', 'SCSIVB', 800, 1, 0),
(551, '854158', 'SVGAP2M', 2500, 1, 0),
(552, '854158', 'EIDE2RP', 1400, 1, 0),
(553, '854158', 'MB586E7R32', 900, 1, 0),
(554, '854185', 'SVGAP2M', 520, 1, 0),
(555, '854185', 'MB486P3R16', 720, 1, 0),
(556, '854186', 'MB586E7R32', 580, 1, 0),
(557, '854186', 'MB486P3R16', 800, 1, 0),
(558, '854186', 'MB586E3R32', 800, 1, 0),
(559, '854192', 'MB586E7R32', 200, 1, 0),
(560, '854192', 'SVGAV2M', 180, 1, 0),
(561, '854192', 'SVGAP2M', 1100, 1, 0),
(562, '854192', 'MB486V3R16', 600, 1, 0),
(563, '854199', 'MB586E7R32', 600, 1, 0),
(564, '854199', 'SCSIPB', 1020, 1, 0),
(565, '854199', 'SVGAP1M', 1480, 1, 0),
(566, '854199', 'EIDE1RP', 1200, 1, 0),
(567, '855143', 'MB486V3R16', 350, 1, 0),
(568, '855143', 'MB586E7R32', 400, 1, 0),
(569, '855144', 'MB486V3R16', 220, 1, 0),
(570, '855144', 'SCSIVB', 1580, 1, 0),
(571, '855144', 'MB586P3R32', 1050, 1, 0),
(572, '855148', 'SVGAV2M', 1100, 1, 0),
(573, '855148', 'SCSIVB', 430, 1, 0),
(574, '855148', 'MB486V3R16', 1200, 1, 0),
(575, '855148', 'EIDE2RP', 700, 1, 0),
(576, '855159', 'MB586E7R32', 900, 1, 0),
(577, '855159', 'SCSIVB', 800, 1, 0),
(578, '855159', 'SVGAP2M', 2500, 1, 0),
(579, '855159', 'EIDE2RP', 1400, 1, 0),
(580, '855170', 'MB486P3R16', 400, 1, 0),
(581, '855170', 'SVGAP2M', 2800, 1, 0),
(582, '855170', 'MB486P3R16', 380, 1, 0),
(583, '855173', 'MB486V3R16', 800, 1, 0),
(584, '855173', 'MB486V3R32', 420, 1, 0),
(585, '855173', 'MB486V3R32', 280, 1, 0),
(586, '855180', 'MB486P3R16', 620, 1, 0),
(587, '855180', 'SCSIPB', 1250, 1, 0),
(588, '855180', 'MB486V3R32', 1800, 1, 0),
(589, '855180', 'MB486P3R16', 1100, 1, 0),
(590, '855189', 'MB486V3R16', 220, 1, 0),
(591, '855189', 'MB586E3R32', 130, 1, 0),
(592, '855189', 'MB586E3R32', 440, 1, 0),
(593, '856139', 'MB486P3R16', 1200, 1, 0),
(594, '856139', 'SCSIPB', 60, 1, 0),
(595, '856139', 'MB486V3R16', 500, 1, 0),
(596, '856145', 'MB486V3R16', 220, 1, 0),
(597, '856145', 'SCSIVB', 1580, 1, 0),
(598, '856145', 'MB586P3R16', 1050, 1, 0),
(599, '856149', 'SVGAV1M', 1450, 1, 0),
(600, '856149', 'SVGAV1M', 900, 1, 0),
(601, '856149', 'MB486V3R32', 300, 1, 0),
(602, '856152', 'EIDE2RP', 1200, 1, 0),
(603, '856152', 'MB486V3R32', 820, 1, 0),
(604, '856152', 'SVGAP2M', 600, 1, 0),
(605, '856152', 'MB486P3R16', 200, 1, 0),
(606, '856160', 'SVGAV2M', 200, 1, 0),
(607, '856165', 'MB586E3R32', 880, 1, 0),
(608, '856165', 'MB586E7R32', 500, 1, 0),
(609, '856165', 'MB486V3R32', 1480, 1, 0),
(610, '856165', 'EIDE2RP', 1800, 1, 0),
(611, '856171', 'EIDE1RP', 1600, 1, 0),
(612, '856171', 'SVGAP1M', 1200, 1, 0),
(613, '856171', 'MB486V3R32', 600, 1, 0),
(614, '856171', 'MB486P3R32', 600, 1, 0),
(615, '856174', 'MB586E7R32', 160, 1, 0),
(616, '856174', 'MB586E3R32', 600, 1, 0),
(617, '856174', 'MB486V3R16', 600, 1, 0),
(618, '856174', 'MB486V3R32', 860, 1, 0),
(619, '856181', 'SCSIPB', 820, 1, 0),
(620, '856181', 'SCSIPB', 600, 1, 0),
(621, '856181', 'MB586E3R32', 720, 1, 0),
(622, '856182', 'MB586E7R32', 260, 1, 0),
(623, '856182', 'MB586E7R32', 380, 1, 0),
(624, '856193', 'MB586E3R32', 580, 1, 0),
(625, '856193', 'MB586P3R16', 280, 1, 0),
(626, '857140', 'MB586E3R32', 160, 1, 0),
(627, '857140', 'MB486P3R32', 220, 1, 0),
(628, '857140', 'MB586E3R32', 280, 1, 0),
(629, '857200', 'EIDE2RP', 1180, 1, 0),
(630, '857200', 'MB586E7R32', 1900, 1, 0),
(631, '857200', 'EIDE2RP', 180, 1, 0),
(632, '85738', 'MB486V3R16', 260, 1, 0),
(633, '85738', 'MB486P3R32', 2100, 1, 0),
(634, '85738', 'MB486V3R16', 1700, 1, 0),
(635, '85738', 'SVGAV1M', 80, 1, 0),
(636, '858153', 'SVGAV2M', 180, 1, 0),
(637, '858153', 'MB586E3R32', 400, 1, 0),
(638, '858153', 'SVGAP2M', 1000, 1, 0),
(639, '858153', 'SCSIVB', 1100, 1, 0),
(640, '858162', 'SCSIVB', 600, 1, 0),
(641, '858162', 'SCSIVB', 720, 1, 0),
(642, '858162', 'MB586E3R32', 120, 1, 0),
(643, '858178', 'MB586E3R32', 950, 1, 0),
(644, '858183', 'SVGAP1M', 220, 1, 0),
(645, '858183', 'SVGAP1M', 180, 1, 0),
(646, '858183', 'MB486P3R32', 520, 1, 0),
(647, '858187', 'MB586P3R16', 900, 1, 0),
(648, '858187', 'SVGAV1M', 890, 1, 0),
(649, '858187', 'SCSIPB', 1600, 1, 0),
(650, '858187', 'EIDE1RP', 320, 1, 0),
(651, '858196', 'MB486P3R32', 300, 1, 0),
(652, '858197', 'SVGAV1M', 550, 1, 0),
(653, '859150', 'SVGAP1M', 220, 1, 0),
(654, '859150', 'MB486V3R32', 820, 1, 0),
(655, '859150', 'MB586E7R32', 480, 1, 0),
(656, '859150', 'SVGAV1M', 180, 1, 0),
(657, '859154', 'EIDE1RP', 800, 1, 0),
(658, '859154', 'EIDE1RP', 1400, 1, 0),
(659, '859154', 'MB586E7R32', 800, 1, 0),
(660, '859154', 'SVGAP1M', 720, 1, 0),
(661, '859154', 'MB586P3R16', 158, 1, 0),
(662, '859154', 'MB586V3R32', 87, 1, 0);

-- --------------------------------------------------------

--
-- 資料表結構 `overtime`
--

CREATE TABLE `overtime` (
  `EmpId` varchar(5) NOT NULL COMMENT '員工代號',
  `OverDate` date NOT NULL COMMENT '加班日期',
  `OverHours` double DEFAULT NULL COMMENT '加班時數'
) ENGINE=InnoDB DEFAULT CHARSET=utf8 COLLATE=utf8_general_ci;

--
-- 傾印資料表的資料 `overtime`
--

INSERT INTO `overtime` (`EmpId`, `OverDate`, `OverHours`) VALUES
('00055', '2018-01-03', 2),
('00051', '2018-01-03', 1),
('00089', '2018-01-04', 2),
('00013', '2018-01-05', 3),
('00094', '2018-01-06', 2),
('00003', '2018-01-08', 4),
('00075', '2018-01-09', 1),
('00020', '2018-01-11', 2),
('00051', '2018-01-13', 1),
('00075', '2018-01-17', 2),
('00030', '2018-01-19', 1),
('00055', '2018-01-20', 2),
('00009', '2018-01-22', 4),
('00033', '2018-01-24', 1),
('00072', '2018-01-25', 2),
('00075', '2018-01-26', 2),
('00053', '2018-01-26', 2),
('00078', '2018-01-28', 5),
('00044', '2018-01-29', 1),
('00072', '2018-02-01', 3),
('00053', '2018-02-01', 1),
('00044', '2018-02-02', 2),
('00013', '2018-02-04', 6),
('00034', '2018-02-05', 3),
('00080', '2018-02-06', 2),
('00054', '2018-02-07', 1),
('00016', '2018-02-08', 2),
('00069', '2018-02-09', 4),
('00066', '2018-02-11', 6),
('00026', '2018-02-15', 2),
('00008', '2018-02-16', 1),
('00067', '2018-03-08', 2),
('00052', '2018-03-08', 3),
('00059', '2018-03-12', 2),
('00022', '2018-03-15', 2),
('00060', '2018-03-21', 1),
('00072', '2018-03-22', 2),
('00053', '2018-03-22', 2),
('00044', '2018-03-22', 1),
('00089', '2018-03-23', 3),
('00013', '2018-03-23', 4),
('00057', '2018-03-24', 4),
('00017', '2018-03-25', 1),
('00074', '2018-03-25', 2),
('00071', '2018-03-26', 1),
('00048', '2018-03-27', 3),
('00064', '2018-03-27', 2),
('00036', '2018-03-28', 2),
('00031', '2018-03-29', 2),
('00049', '2018-03-29', 6),
('00027', '2018-03-30', 2),
('00004', '2018-03-30', 2),
('00019', '2018-04-08', 1),
('00040', '2018-04-08', 1),
('00001', '2018-04-09', 1),
('00021', '2018-04-09', 2),
('00045', '2018-04-20', 4),
('00009', '2018-04-22', 2),
('00083', '2018-04-24', 3),
('00014', '2018-04-25', 4),
('00068', '2018-04-26', 3),
('00085', '2018-04-28', 7),
('00089', '2018-04-29', 2),
('00013', '2018-04-30', 2),
('00057', '2018-05-02', 2),
('00017', '2018-05-07', 1),
('00074', '2018-05-08', 3),
('00071', '2018-05-10', 2),
('00048', '2018-05-11', 3),
('00064', '2018-05-13', 2),
('00036', '2018-05-13', 2),
('00031', '2018-05-14', 1),
('00049', '2018-05-16', 2),
('00076', '2018-05-17', 3),
('00061', '2018-05-18', 4),
('00050', '2018-05-18', 5),
('00063', '2018-05-18', 4),
('00028', '2018-05-20', 3),
('00006', '2018-05-21', 2),
('00055', '2018-05-22', 1),
('00051', '2018-05-22', 2),
('00091', '2018-05-25', 3),
('00082', '2018-05-25', 4),
('00095', '2018-05-31', 3),
('00020', '2018-06-03', 2),
('00007', '2018-06-05', 1),
('00093', '2018-06-05', 2),
('00038', '2018-06-06', 1),
('00043', '2018-06-07', 2),
('00079', '2018-06-10', 2),
('00081', '2018-06-13', 1),
('00041', '2018-06-21', 1),
('00020', '2018-06-22', 4),
('00024', '2018-06-25', 3),
('00010', '2018-06-26', 3),
('00029', '2018-06-27', 2),
('00037', '2018-06-27', 1),
('00023', '2018-06-28', 2),
('00043', '2018-06-29', 5);

-- --------------------------------------------------------

--
-- 資料表結構 `person`
--

CREATE TABLE `person` (
  `EmpId` varchar(5) NOT NULL,
  `JobTitle` varchar(11) DEFAULT NULL COMMENT '職稱',
  `Birth` date DEFAULT NULL COMMENT '年齡',
  `Gender` varchar(3) DEFAULT NULL COMMENT '性別',
  `BirthPlace` varchar(7) DEFAULT NULL COMMENT '出生地',
  `NativePlace` varchar(7) DEFAULT NULL COMMENT '籍貫',
  `WorkYear` double DEFAULT NULL COMMENT '到職年',
  `Expertise1` varchar(13) DEFAULT NULL COMMENT '專長一',
  `Expertise2` varchar(13) DEFAULT NULL COMMENT '專長二',
  `ForeignLang1` varchar(9) DEFAULT NULL COMMENT '第一外語',
  `ForeignLang2` varchar(9) DEFAULT NULL COMMENT '第二外語'
) ENGINE=InnoDB DEFAULT CHARSET=utf8 COLLATE=utf8_general_ci;

--
-- 傾印資料表的資料 `person`
--

INSERT INTO `person` (`EmpId`, `JobTitle`, `Birth`, `Gender`, `BirthPlace`, `NativePlace`, `WorkYear`, `Expertise1`, `Expertise2`, `ForeignLang1`, `ForeignLang2`) VALUES
('00001', '助理工程師', '1990-11-24', '男', '台北市', '台北市', 2017, 'IDE卡維修', 'SCSI卡維修', '德語', NULL),
('00002', '顧問工程師', '1958-10-08', '男', '桃園縣', '北平', 2004, '市場分析', '談判技巧', '日語', '英語'),
('00003', '研發工程師', '1984-02-27', '男', '台北市', '台北市', 2014, '數位電路', NULL, '日語', '英語'),
('00004', '業務副理', '1982-05-01', '男', '台北市', '台北市', 2016, '產品規劃', '溝通協調', '西語', NULL),
('00005', '業務副理', '1978-08-21', '女', '台中縣', '台中縣', 2015, '業務拓展', '人員教育', '英語', '日語'),
('00006', '企劃副理', '1978-02-17', '女', '高雄縣', '高雄縣', 2011, '廣告企劃', '產品企劃', '英語', NULL),
('00007', '行政專員', '1980-08-02', '女', '新竹市', '新竹市', 2018, '公共行政', '熟PC軟體', '英語', NULL),
('00008', '研發副理', '1974-08-14', '男', '台北市', '台北市', 2011, 'SCSI卡研發', NULL, '英語', NULL),
('00009', '資深工程師', '1981-08-05', '男', '台北縣', '台北縣', 2008, '數位電路', '電子電路', '英語', '日語'),
('00010', '會計助理', '1993-07-03', '女', '台北市', '台北市', 2016, '初等會計', '文書處理', '西語', NULL),
('00011', '業務專員', '1988-07-22', '男', '台北市', '台北市', 2016, '業務行銷', '積極拜訪客戶', NULL, NULL),
('00012', '業務經理', '1975-08-25', '男', '高雄市', '高雄市', 2015, '新產品行銷', '談判技巧', '英語', '日語'),
('00013', '研發經理', '1978-10-15', '男', '台北市', '台北市', 2011, '視訊卡研發', '數位電路', '英語', '日語'),
('00014', '副工程師', '1988-05-04', '男', '台北縣', '台北縣', 2016, 'SCSI卡維修', '主機板維修', '日語', NULL),
('00015', '總經理', '1970-06-07', '男', '台北市', '高雄縣', 1999, '業務規劃', '業務拓展', '英語', '日語'),
('00016', '資深專員', '1979-10-21', '女', '彰化縣', '彰化縣', 2011, '業務行銷', '業務拓展', '英語', '日語'),
('00017', '資深專員', '1982-07-01', '男', '彰化縣', '彰化縣', 2010, 'PC 銷售', '主機板行銷', '英語', '日語'),
('00018', '市場分析師', '1978-09-07', '女', '台北市', '台北市', 2016, '資訊分析', '證券分析', '英語', '日語'),
('00019', '維修工程師', '1983-08-03', '女', '台北市', '台北市', 2015, '主機板維修', 'SCSI卡維修', '英語', '西語'),
('00020', '副工程師', '1990-05-14', '男', '台中市', '台中市', 2016, '電子電路', NULL, '英語', '日語'),
('00021', '助理工程師', '1991-01-08', '女', '台北市', '台北市', 2016, 'SCSI卡維修', 'IDE卡維修', '泰語', '韓語'),
('00022', '業務專員', '1987-05-12', '男', '台北市', '台北市', 2015, '業務行銷', NULL, '英語', NULL),
('00023', '會計專員', '1983-06-02', '男', '台南縣', '台南縣', 2014, '成本會計', 'EXCEL', '西語', NULL),
('00024', '會計助理', '1992-04-23', '男', '台北市', '台北市', 2018, '文書處理', NULL, NULL, NULL),
('00025', '資深工程師', '1978-11-15', '男', '嘉義市', '嘉義市', 2012, '主機板維修', '視訊卡維修', '英語', '韓語'),
('00026', '研發經理', '1972-04-03', '男', '桃園縣', '桃園縣', 2010, 'SCSI卡研發', NULL, '韓語', '日語'),
('00027', '業務專員', '1990-07-18', '男', '台北市', '台北市', 2017, '業務拓展', NULL, '英語', '日語'),
('00028', '企劃專員', '1990-04-19', '男', '台北市', '台北市', 2017, '廣告企劃', '市場分析', '英語', '西語'),
('00029', '會計專員', '1987-04-21', '女', '台北市', '台北市', 2015, '成本會計', NULL, '英語', '泰語'),
('00030', '研發副總', '1972-11-23', '男', '屏東市', '屏東市', 2009, '半導體設計', '系統整合', '英語', '日語'),
('00031', '採購專員', '1988-05-05', '男', '台北市', '台北市', 2016, '電子零件採購', '熟PC', '英語', NULL),
('00032', '資訊經理', '1976-06-02', '男', '高雄市', '高雄市', 2010, 'C++', '談判技巧', '英語', '日語'),
('00033', '研發工程師', '1986-03-05', '男', '高雄市', '高雄市', 2011, '主機板研發', '數位電路', '英語', NULL),
('00034', '業務專員', '1986-10-25', '女', '台北市', '台北市', 2015, '業務行銷', NULL, '英語', '韓語'),
('00035', '維修副理', '1976-08-05', '女', '桃園縣', '桃園縣', 2014, '視訊卡維修', '主機板維修', '英語', NULL),
('00036', '業務經理', '0000-00-00', '男', '彰化縣', '彰化縣', 2011, '業務分析', '企圖心強', '英語', '日語'),
('00037', '圖書助理', '1997-10-23', '男', '台北市', '台北市', 2018, '文書處理', NULL, '韓語', NULL),
('00038', '行政專員', '1988-02-03', '女', '嘉義縣', '嘉義縣', 2014, '人事行政', '文書處理', '韓語', '韓語'),
('00039', '圖書館專員', '1988-07-10', '女', '高雄縣', '高雄縣', 2017, '圖書管理', '文書處理', '英語', NULL),
('00040', '維修工程師', '1987-06-02', '男', '台北市', '台北市', 2018, '主機板維修', '視訊卡維修', '英語', NULL),
('00041', '會計經理', '1978-06-07', '男', '桃園縣', '桃園縣', 2009, '成本會計', '稅務', '英語', NULL),
('00042', '程式設計師', '1988-04-07', '男', '台北市', '台北市', 2018, '無人機駕駛', '數據分析', '英語', '韓語'),
('00043', '會計師', '1975-07-05', '男', '高雄市', '高雄市', 2008, '成本會計', '帳務處理', NULL, NULL),
('00044', '研發經理', '1976-06-08', '男', '台北市', '台北市', 2010, '主機板研發', '工程管理', '英語', NULL),
('00045', '系統工程師', '1982-07-21', '男', '台北市', '台北市', 2017, 'AS-400', '談判技巧', '英語', NULL),
('00046', '程式設計師', '1989-10-25', '男', '台南縣', '台南縣', 2013, 'Visual BASIC', '談判技巧', '英語', NULL),
('00047', '業務助理', '1992-06-03', '男', '台北縣', '台北縣', 2018, '文書管理', NULL, '德語', NULL),
('00048', '業務副理', '1975-05-27', '男', '台中縣', '台中縣', 2016, '溝通協調', '談判技巧', '英語', NULL),
('00049', '維修工程師', '1988-10-04', '男', '台北市', '台北市', 2014, '視訊卡維修', 'IDE卡維修', '德語', NULL),
('00050', '人事助理', '1994-09-15', '男', '高雄市', '高雄市', 2018, '文書處理', NULL, NULL, NULL),
('00051', '研發工程師', '1988-01-10', '男', '台中市', '台中市', 2014, 'PCB layout', '電子電路', NULL, NULL),
('00052', '採購助理', '1991-03-19', '女', '桃園縣', '桃園縣', 2018, 'EXCEL', '談判技巧', NULL, NULL),
('00053', '研發副理', '1980-01-04', '男', '台北市', '台北市', 2013, '主機板設計', 'BIOS設計', '英語', NULL),
('00054', '業務副理', '1984-08-24', '男', '台中縣', '台中縣', 2016, '業務洽商', '產品規劃', '英語', '日語'),
('00055', '研發工程師', '1987-01-17', '女', '台北縣', '台北縣', 2011, '電子電路', '數位電路', '德語', NULL),
('00056', '行政經理', '1968-09-03', '男', '台北市', '台北市', 2017, '行政管理', '人事行政', '德語', NULL),
('00057', '採購經理', '1973-01-03', '男', '彰化縣', '彰化縣', 2013, '市場分析', '物料管理', '英語', '日語'),
('00058', '維修助理', '1994-07-07', '男', '台北市', '台北市', 2017, 'IDE卡維修', NULL, '西語', NULL),
('00059', '業務專員', '1986-03-15', '男', '台北市', '台北市', 2016, '業務拓展', NULL, '英語', '西語'),
('00060', '採購助理', '1990-07-25', '男', '台南縣', '台南縣', 2017, 'LOTUS 123', 'EXCEL', NULL, '西語'),
('00061', '人事專員', '1988-08-03', '男', '台南市', '台南市', 2016, '人事行政', '文書處理', '英語', NULL),
('00062', '網路工程師', '1983-05-03', '女', '新竹縣', '新竹縣', 2017, 'Firewall', 'Linux', '英語', '韓語'),
('00063', '行政助理', '1995-02-20', '女', '台北市', '台北市', 2017, '細心負責', NULL, '韓語', NULL),
('00064', '業務助理', '1992-07-11', '女', '高雄市', '高雄市', 2017, '文書處理', NULL, NULL, NULL),
('00065', '人事專員', '1987-01-08', '男', '台北市', '台北市', 2018, '人事行政', NULL, '韓語', NULL),
('00066', '業務助理', '1995-05-26', '女', '高雄市', '高雄市', 2017, '資料分析', '催收款', NULL, NULL),
('00067', '業務經理', '1978-01-04', '男', '新竹縣', '新竹縣', 2011, '產品拓展', '業務管理', '英語', '韓語'),
('00068', '副工程師', '1987-05-20', '男', '台北縣', '台北縣', 2014, '視訊卡維修', 'SCSI卡維修', '英語', NULL),
('00069', '業務經理', '1972-03-24', '女', '台南縣', '台南縣', 2014, '業務規劃', '業務拓展', '英語', '西語'),
('00070', '企劃經理', '1974-06-27', '男', '雲林縣', '雲林縣', 2011, '產品企劃', '行銷企劃', '英語', '日語'),
('00071', '採購專員', '1969-01-26', '男', '台中縣', '台中縣', 2010, '硬體採購', '物料分析', '英語', NULL),
('00072', '助理工程師', '1990-02-22', '男', '台北市', '台北市', 2017, '電子電路', '數位電路', NULL, NULL),
('00073', '採購專員', '1987-04-18', '女', '台北市', '台北市', 2017, '半導體採購', NULL, '英語', '韓語'),
('00074', '採購副理', '1976-06-08', '男', '台北市', '台北市', 2013, '倉庫管理', NULL, '英語', NULL),
('00075', '特別助理', '1988-05-22', '女', '台北縣', '台北縣', 2011, '市場公關', '業務管理', '英語', '日語'),
('00076', '企劃專員', '1991-06-01', '男', '台北縣', '台北縣', 2018, '名單分析', '行銷企劃', NULL, '西語'),
('00077', '人事經理', '1978-01-08', '男', '台中縣', '台中縣', 2016, '人事管理', '溝通藝術', '英語', '日語'),
('00078', '副工程師', '1988-05-16', '男', '台北市', '台北市', 2016, '訊號測試', NULL, '英語', NULL),
('00079', '圖書助理', '1998-04-14', '男', '台北市', '台北市', 2018, NULL, NULL, '越語', NULL),
('00080', '業務助理', '1993-02-19', '女', '台北市', '台北市', 2017, '業務催收款', '文書處理', NULL, NULL),
('00081', '總機', '1995-02-07', '女', '彰化縣', '彰化縣', 2018, '行政事務', NULL, NULL, NULL),
('00082', '人事專員', '1989-02-13', '男', '高雄市', '高雄市', 2014, '人事行政', '文書處理', NULL, NULL),
('00083', '維修經理', '1972-06-02', '男', '高雄市', '高雄市', 2012, '主機板維修', '視訊卡維修', '英語', '日語'),
('00084', '業務副總', '1968-10-02', '男', '桃園縣', '桃園縣', 2010, '溝通協調', 'PC銷售', '英語', '日語'),
('00085', '硬體工程師', '1980-05-03', '男', '台北市', '台北市', 2016, '個人PC組裝', '網路硬體架構', '英語', '越語'),
('00086', '美工專員', '1983-01-06', '男', '台南縣', '台南縣', 2017, '包裝設計', '平面美工', NULL, NULL),
('00087', '助理工程師', '1992-01-23', '女', '桃園縣', '桃園縣', 2018, '界面卡測試', NULL, '英語', NULL),
('00088', '企劃助理', '1992-05-26', '女', '台北縣', '台北縣', 2017, '文書處理', NULL, NULL, NULL),
('00089', '研發副理', '1982-03-15', '男', '台中縣', '台中縣', 2013, '視訊卡研發', '類比線路', '英語', NULL),
('00090', '美工助理', '1991-06-20', '男', '高雄市', '高雄市', 2017, '海報繪製', 'POP字體', '越語', NULL),
('00091', '企劃專員', '1989-09-23', '女', '台北市', '台北市', 2014, '研討會企劃', '名單管理', '英語', NULL),
('00092', '資深專員', '1980-01-26', '女', '高雄縣', '高雄縣', 2011, '業務銷售', '視訊卡架構', '英語', '日語'),
('00093', '會計師', '1971-06-16', '女', '新竹市', '新竹市', 2009, '成本會計', '稅務', '英語', NULL),
('00094', '研發工程師', '1988-03-03', '女', '台北市', '台北市', 2013, '電子電路', NULL, NULL, NULL),
('00095', '企劃專員', '1987-03-25', '男', '台北市', '台北市', 2016, '行銷企劃', '廣告設計', NULL, NULL),
('00096', '美工專員', '1990-05-21', '男', '台南市', '台南市', 2016, '平面美工', NULL, '越語', NULL),
('00097', '系統工程師', '1983-10-14', '男', '台中市', '台中市', 2014, 'AS-400', 'PC', '英語', NULL);

-- --------------------------------------------------------

--
-- 資料表結構 `product`
--

CREATE TABLE `product` (
  `ProdName` varchar(31) DEFAULT NULL COMMENT '產品名稱',
  `ProdID` varchar(14) NOT NULL COMMENT '產品代號',
  `UnitPrice` double DEFAULT NULL COMMENT '單價',
  `Cost` double DEFAULT NULL COMMENT '成本'
) ENGINE=InnoDB DEFAULT CHARSET=utf8 COLLATE=utf8_general_ci;

--
-- 傾印資料表的資料 `product`
--

INSERT INTO `product` (`ProdName`, `ProdID`, `UnitPrice`, `Cost`) VALUES
('EnhanceIDE PCI BUS', 'EIDE1RP', 2200, 1250),
('EnhanceIDE VL BUS', 'EIDE2RP', 1560, 990),
('486主機板PCI slot *3 16MB RAM', 'MB486P3R16', 15200, 8400),
('486主機板PCI slot *3 32MB RAM', 'MB486P3R32', 26000, 16700),
('486主機板VL slot *3 16MB RAM', 'MB486V3R16', 13500, 8100),
('486主機板VL slot *3 32MB RAM', 'MB486V3R32', 24600, 14500),
('586主機板EISA slot *3 16MB RAM', 'MB586E3R16', 18800, 9900),
('586主機板EISA slot *3 32MB RAM', 'MB586E3R32', 41200, 24300),
('586主機板EISA slot *7 16MB RAM', 'MB586E7R16', 21500, 12000),
('586主機板EISA slot *7 32MB RAM', 'MB586E7R32', 42300, 24950),
('586主機板PCI slot *3 16MB RAM', 'MB586P3R16', 15500, 9200),
('585主機板PCI slot *3 32MB RAM', 'MB586P3R32', 32000, 19200),
('586主機板VL slot *3 16MB RAM', 'MB586V3R16', 15200, 8780),
('586主機板VL slot *3 32MB RAM', 'MB586V3R32', 36500, 22000),
('SCSIcard PCI BUS', 'SCSIPB', 2200, 1300),
('SCSIcard VL BUS', 'SCSIVB', 1950, 1240),
('SuperVGA 1280*1024 PCI BUS 1MB', 'SVGAP1M', 4120, 2450),
('SuperVGA 1280*1024 PCI BUS 2MB', 'SVGAP2M', 4950, 2900),
('SuperVGA 1280*1024 VL BUS 1MB', 'SVGAV1M', 3850, 2400),
('SuperVGA 1280*1024 VL BUS 2MB', 'SVGAV2M', 4680, 2850);

-- --------------------------------------------------------

--
-- 資料表結構 `purchasedetail`
--

CREATE TABLE `purchasedetail` (
  `seq` int(11) NOT NULL,
  `PurchaseId` varchar(8) NOT NULL,
  `ProdId` varchar(10) NOT NULL,
  `Qty` int(11) NOT NULL,
  `PurchasePrice` int(11) NOT NULL
) ENGINE=InnoDB DEFAULT CHARSET=utf8 COLLATE=utf8_general_ci;

--
-- 傾印資料表的資料 `purchasedetail`
--

INSERT INTO `purchasedetail` (`seq`, `PurchaseId`, `ProdId`, `Qty`, `PurchasePrice`) VALUES
(1, '830001', 'MB486V3R16', 800, 1250),
(2, '830001', 'MB486P3R32', 800, 6800),
(3, '830001', 'MB486P3R32', 600, 1100),
(5, '830002', 'MB586E7R32', 750, 1100),
(6, '830002', 'MB586E7R32', 300, 2330),
(7, '830002', 'SCSIPB', 900, 3200),
(8, '830004', 'MB586P3R16', 200, 4915),
(9, '830003', 'MB486V3R16', 600, 3200),
(10, '830003', 'MB586V3R16', 900, 2800),
(11, '830001', 'SVGAP1M', 1105, 208),
(12, '830007', 'MB586E7R16', 200, 208),
(13, '830007', 'MB586P3R32', 1105, 208),
(14, '830007', 'SCSIPB', 200, 500),
(16, '830004', 'SVGAV1M', 100, 2000),
(17, '830004', 'MB586V3R16', 1105, 4915),
(18, '830007', 'MB586E7R16', 900, 1250),
(19, '830010', 'MB586P3R16', 600, 3200),
(20, '830010', 'MB586V3R16', 200, 208),
(21, '830010', 'SVGAV1M', 900, 2000),
(27, '830006', 'MB586E3R32', 800, 1250),
(28, '830005', 'MB486P3R32', 900, 1250),
(29, '830005', 'MB486P3R32', 1105, 208),
(30, '830006', 'MB486V3R16', 600, 208),
(31, '830002', 'MB586P3R16', 800, 1250),
(32, '830002', 'MB586E3R32', 600, 3200),
(33, '830021', 'MB586E7R32', 200, 208),
(34, '830021', 'MB586V3R32', 600, 1250),
(35, '830021', 'MB486V3R32', 800, 193),
(36, '830014', 'MB486P3R32', 800, 100),
(37, '830012', 'MB586E7R32', 200, 1490),
(38, '830013', 'MB486P3R32', 200, 3250),
(39, '830013', 'SCSIPB', 200, 1250),
(40, '830019', 'MB586E3R32', 600, 980),
(41, '830023', 'MB586P3R32', 120, 2450),
(42, '830026', 'SVGAV2M', 250, 1980),
(43, '830031', 'MB586P3R32', 900, 3600),
(44, '830032', 'MB586E3R16', 150, 6500),
(45, '830016', 'MB586E7R16', 100, 820),
(46, '830018', 'MB586V3R16', 320, 1520),
(47, '830018', 'MB586V3R32', 600, 980),
(48, '830017', 'EIDE1RP', 200, 1250),
(49, '830017', 'MB486V3R16', 500, 320),
(50, '830015', 'MB586V3R16', 220, 680),
(51, '830015', 'MB586V3R32', 320, 2100),
(52, '830020', 'SVGAP1M', 500, 960),
(53, '830029', 'MB586P3R32', 120, 7820),
(54, '830027', 'MB586E7R32', 350, 960),
(55, '830027', 'MB586P3R32', 900, 1120),
(56, '830033', 'MB586P3R32', 800, 320),
(57, '830034', 'MB586E7R32', 200, 1300),
(58, '830036', 'SVGAV2M', 150, 7860),
(59, '830037', 'MB586P3R16', 200, 1100),
(60, '830037', 'MB586V3R16', 600, 1200);

-- --------------------------------------------------------

--
-- 資料表結構 `purchaseorder`
--

CREATE TABLE `purchaseorder` (
  `seq` int(11) NOT NULL,
  `PurchaseId` varchar(8) NOT NULL,
  `EmpId` varchar(8) NOT NULL,
  `SupplierId` varchar(8) NOT NULL,
  `PurchaseDate` date NOT NULL
) ENGINE=InnoDB DEFAULT CHARSET=utf8 COLLATE=utf8_general_ci;

--
-- 傾印資料表的資料 `purchaseorder`
--

INSERT INTO `purchaseorder` (`seq`, `PurchaseId`, `EmpId`, `SupplierId`, `PurchaseDate`) VALUES
(1, '830001', '00074', 'S0001', '2016-02-09'),
(2, '830002', '00052', 'S0003', '2016-01-07'),
(3, '830003', '00060', 'S0059', '2016-01-08'),
(4, '830004', '00071', 'S0005', '2016-01-12'),
(5, '830005', '00073', 'S0003', '2016-10-13'),
(6, '830006', '00071', 'S0006', '2016-11-10'),
(7, '830007', '00031', 'S0007', '2016-01-29'),
(10, '830010', '00071', 'S0001', '2016-02-13'),
(12, '830012', '00074', 'S0001', '2016-03-12'),
(13, '830013', '00031', 'S0001', '2016-03-14'),
(14, '830014', '00052', 'S0001', '2016-03-19'),
(15, '830015', '00060', 'S0001', '2016-03-20'),
(16, '830016', '00071', 'S0030', '2016-04-01'),
(17, '830017', '00073', 'S0001', '2016-12-07'),
(18, '830018', '00074', 'S0001', '2016-04-20'),
(19, '830019', '00031', 'S0002', '2016-04-22'),
(20, '830020', '00060', 'S0002', '2016-11-07'),
(21, '830021', '00031', 'S0060', '2016-05-09'),
(22, '830022', '00071', 'S0000', '2016-05-22'),
(23, '830023', '00060', 'S0001', '2016-06-12'),
(24, '830024', '00073', 'S0000', '2016-06-22'),
(25, '830025', '00071', 'S0000', '2016-06-30'),
(26, '830026', '00031', 'S0002', '2016-07-02'),
(27, '830027', '00074', 'S0001', '2016-07-18'),
(28, '830028', '00052', 'S0000', '2016-07-19'),
(29, '830029', '00052', 'S0002', '2016-07-23'),
(30, '830030', '00031', 'S0000', '2016-08-03'),
(31, '830031', '00052', 'S0002', '2016-08-09'),
(32, '830032', '00071', 'S0002', '2016-08-18'),
(33, '830033', '00073', 'S0001', '2016-08-25'),
(34, '830034', '00074', 'S0054', '2020-03-03'),
(36, '830036', '00031', 'S0007', '2016-03-09'),
(37, '830037', '00060', 'S0052', '2016-08-10');

-- --------------------------------------------------------

--
-- 資料表結構 `quota`
--

CREATE TABLE `quota` (
  `EmpId` varchar(5) NOT NULL,
  `Quota2016` double DEFAULT NULL COMMENT '業績目標2016',
  `Quota2017` double DEFAULT NULL COMMENT '業績目標2017',
  `Quota2018` double DEFAULT NULL COMMENT '業績目標2018'
) ENGINE=InnoDB DEFAULT CHARSET=utf8 COLLATE=utf8_general_ci;

--
-- 傾印資料表的資料 `quota`
--

INSERT INTO `quota` (`EmpId`, `Quota2016`, `Quota2017`, `Quota2018`) VALUES
('00004', 44000000, 42000000, 40000000),
('00005', 42000000, 40000000, 38000000),
('00011', 36000000, 33000000, 30000000),
('00012', 44000000, 42000000, 40000000),
('00016', 42000000, 40000000, 38000000),
('00017', 36000000, 33000000, 30000000),
('00022', 36000000, 33000000, 30000000),
('00027', 36000000, 33000000, 30000000),
('00034', 36000000, 34000000, 32000000),
('00036', 36000000, 33000000, 30000000),
('00048', 44000000, 42000000, 40000000),
('00054', 44000000, 42000000, 40000000),
('00059', 42000000, 40000000, 38000000),
('00067', 42000000, 40000000, 38000000),
('00069', 36000000, 33000000, 30000000),
('00092', 36000000, 34000000, 32000000);

-- --------------------------------------------------------

--
-- 資料表結構 `records`
--

CREATE TABLE `records` (
  `ClassNo` varchar(9) DEFAULT NULL COMMENT '班級座號',
  `YMD` date DEFAULT NULL COMMENT '年月日',
  `PublicLeave` double DEFAULT NULL COMMENT '公假',
  `Leave` double DEFAULT NULL COMMENT '事假',
  `SickLeave` double DEFAULT NULL COMMENT '病假',
  `Absent` double DEFAULT NULL COMMENT '曠課'
) ENGINE=InnoDB DEFAULT CHARSET=utf8 COLLATE=utf8_general_ci;

--
-- 傾印資料表的資料 `records`
--

INSERT INTO `records` (`ClassNo`, `YMD`, `PublicLeave`, `Leave`, `SickLeave`, `Absent`) VALUES
('10126', '2018-03-02', 0, 1, 0, 1),
('10127', '2018-03-02', 0, 0, 0, 1),
('10128', '2018-03-02', 1, 1, 0, 0),
('10130', '2018-03-02', 1, 0, 0, 0),
('10201', '2018-03-02', 0, 1, 4, 0),
('10210', '2018-03-02', 0, 3, 0, 0),
('10234', '2018-03-02', 0, 0, 1, 1),
('10425', '2018-03-02', 0, 0, 4, 0),
('10511', '2018-03-02', 0, 0, 2, 2),
('10620', '2018-03-02', 0, 4, 0, 0),
('10942', '2018-03-02', 0, 4, 1, 0),
('11005', '2018-03-02', 0, 0, 2, 0),
('10109', '2018-03-04', 0, 0, 2, 0),
('10132', '2018-03-04', 0, 2, 0, 1),
('10134', '2018-03-04', 0, 2, 0, 0),
('10141', '2018-03-04', 0, 0, 0, 2),
('10201', '2018-03-04', 0, 7, 0, 1),
('10225', '2018-03-04', 4, 0, 0, 0),
('10237', '2018-03-04', 0, 0, 3, 0),
('10326', '2018-03-04', 2, 0, 1, 0),
('10427', '2018-03-04', 0, 0, 1, 1),
('10535', '2018-03-04', 3, 0, 0, 3),
('10612', '2018-03-04', 2, 0, 0, 0),
('10741', '2018-03-04', 1, 0, 2, 0),
('10833', '2018-03-04', 0, 0, 0, 7),
('10902', '2018-03-04', 1, 0, 0, 7),
('10942', '2018-03-04', 0, 7, 0, 0),
('11015', '2018-03-04', 0, 5, 2, 2),
('11041', '2018-03-04', 7, 0, 0, 0),
('10109', '2018-03-05', 1, 0, 0, 7),
('10132', '2018-03-05', 1, 0, 1, 0),
('10134', '2018-03-05', 1, 0, 1, 0),
('10141', '2018-03-05', 1, 0, 0, 0),
('10227', '2018-03-05', 0, 0, 7, 1),
('10315', '2018-03-05', 0, 0, 0, 5),
('10433', '2018-03-05', 0, 0, 0, 1),
('10612', '2018-03-05', 1, 0, 0, 0),
('10741', '2018-03-05', 0, 0, 2, 0),
('10747', '2018-03-05', 0, 1, 0, 1),
('10825', '2018-03-05', 7, 0, 1, 0),
('10942', '2018-03-05', 0, 0, 7, 0),
('11001', '2018-03-05', 0, 1, 0, 7),
('11032', '2018-03-05', 0, 0, 0, 7),
('10141', '2018-03-06', 2, 0, 1, 0),
('10235', '2018-03-06', 0, 0, 0, 7),
('10318', '2018-03-06', 0, 4, 1, 0),
('10351', '2018-03-06', 1, 0, 3, 0),
('10533', '2018-03-06', 0, 0, 0, 1),
('10724', '2018-03-06', 0, 3, 0, 0),
('10741', '2018-03-06', 2, 0, 1, 0),
('10921', '2018-03-06', 0, 0, 0, 1),
('11001', '2018-03-06', 0, 0, 0, 7),
('10109', '2018-03-07', 2, 0, 1, 0),
('10112', '2018-03-07', 7, 10, 1, 0),
('10115', '2018-03-07', 1, 0, 0, 1),
('10132', '2018-03-07', 2, 0, 0, 0),
('10338', '2018-03-07', 0, 0, 1, 7),
('10413', '2018-03-07', 7, 2, 0, 1),
('10457', '2018-03-07', 0, 0, 0, 7),
('10539', '2018-03-07', 7, 0, 1, 0),
('10625', '2018-03-07', 0, 2, 0, 6),
('10634', '2018-03-07', 7, 0, 2, 0),
('10644', '2018-03-07', 7, 0, 0, 0),
('10724', '2018-03-07', 0, 7, 0, 1),
('10725', '2018-03-07', 7, 0, 0, 0),
('10730', '2018-03-07', 7, 0, 2, 0),
('10735', '2018-03-07', 0, 0, 0, 5),
('10746', '2018-03-07', 7, 0, 1, 0),
('11001', '2018-03-07', 0, 0, 0, 7),
('10109', '2018-03-08', 2, 1, 0, 0),
('10132', '2018-03-08', 2, 0, 1, 0),
('10134', '2018-03-08', 2, 0, 0, 1),
('10141', '2018-03-08', 2, 0, 0, 1),
('10145', '2018-03-08', 0, 1, 5, 0),
('10308', '2018-03-08', 0, 0, 3, 0),
('10325', '2018-03-08', 0, 1, 0, 3),
('10724', '2018-03-08', 0, 5, 0, 1),
('10741', '2018-03-08', 2, 0, 0, 0),
('10829', '2018-03-08', 0, 1, 0, 7),
('11032', '2018-03-08', 0, 1, 0, 7),
('11033', '2018-03-08', 0, 0, 2, 0),
('10109', '2018-03-09', 2, 0, 0, 1),
('10137', '2018-03-09', 0, 3, 0, 1),
('10143', '2018-03-09', 1, 0, 1, 0),
('10201', '2018-03-09', 0, 1, 0, 2),
('10234', '2018-03-09', 0, 2, 0, 0),
('10545', '2018-03-09', 0, 4, 1, 0),
('10554', '2018-03-09', 0, 0, 0, 1),
('10643', '2018-03-09', 0, 1, 4, 0),
('10645', '2018-03-09', 4, 0, 0, 0),
('10741', '2018-03-09', 2, 0, 1, 0),
('10820', '2018-03-09', 0, 0, 0, 4),
('10905', '2018-03-09', 1, 0, 0, 0),
('10931', '2018-03-09', 0, 0, 0, 4),
('11011', '2018-03-09', 0, 0, 0, 4),
('10109', '2018-03-11', 1, 0, 0, 0),
('10132', '2018-03-11', 2, 0, 0, 0),
('10134', '2018-03-11', 0, 0, 0, 1),
('10137', '2018-03-09', 0, 0, 0, 4),
('10313', '2018-03-11', 1, 0, 7, 0),
('10318', '2018-03-11', 0, 0, 0, 3),
('10341', '2018-03-11', 0, 7, 0, 0),
('10343', '2018-03-11', 0, 0, 7, 0),
('10354', '2018-03-11', 0, 0, 0, 7),
('10409', '2018-03-11', 0, 0, 0, 7),
('10444', '2018-03-11', 0, 7, 0, 0),
('10536', '2018-03-11', 2, 0, 1, 0),
('10636', '2018-03-11', 6, 0, 5, 1),
('10648', '2018-03-11', 0, 6, 1, 0),
('10738', '2018-03-11', 0, 7, 0, 0),
('10830', '2018-03-11', 7, 0, 0, 0),
('10902', '2018-03-11', 0, 0, 1, 1),
('11023', '2018-03-11', 0, 0, 0, 1),
('10109', '2018-03-12', 2, 1, 0, 0),
('10145', '2018-03-12', 2, 0, 0, 0),
('10335', '2018-03-12', 0, 1, 7, 0),
('10341', '2018-03-12', 0, 0, 7, 0),
('10355', '2018-03-12', 7, 0, 0, 0),
('10420', '2018-03-12', 7, 1, 0, 0),
('10459', '2018-03-12', 0, 0, 1, 7),
('10541', '2018-03-12', 5, 0, 0, 0),
('10640', '2018-03-12', 0, 0, 1, 7),
('10741', '2018-03-12', 2, 0, 0, 0),
('10833', '2018-03-12', 0, 1, 0, 3),
('10901', '2018-03-12', 0, 0, 0, 1),
('10920', '2018-03-12', 0, 2, 1, 0),
('11011', '2018-03-12', 0, 0, 0, 4),
('11028', '2018-03-12', 1, 0, 7, 0),
('11032', '2018-03-12', 3, 0, 0, 1),
('10109', '2018-03-13', 7, 0, 0, 0),
('10132', '2018-03-13', 0, 7, 0, 0),
('10134', '2018-03-13', 0, 0, 7, 1),
('10141', '2018-03-13', 0, 1, 0, 7),
('10145', '2018-03-13', 7, 0, 0, 7),
('10420', '2018-03-13', 0, 0, 0, 7),
('10428', '2018-03-13', 7, 0, 7, 0),
('10517', '2018-03-13', 0, 0, 0, 7),
('10612', '2018-03-13', 5, 0, 7, 0),
('10741', '2018-03-13', 7, 0, 0, 0),
('10905', '2018-03-13', 0, 0, 0, 1),
('10919', '2018-03-13', 0, 7, 0, 7),
('10920', '2018-03-13', 0, 0, 0, 1),
('10933', '2018-03-13', 7, 0, 3, 0),
('10934', '2018-03-13', 0, 0, 1, 0),
('11018', '2018-03-13', 1, 0, 0, 7),
('10109', '2018-03-14', 7, 0, 0, 0),
('10132', '2018-03-14', 7, 0, 3, 0),
('10134', '2018-03-14', 0, 0, 7, 0),
('10141', '2018-03-14', 7, 0, 1, 0),
('10145', '2018-03-14', 0, 0, 0, 7),
('10201', '2018-03-14', 0, 1, 0, 1),
('10225', '2018-03-14', 0, 7, 0, 0),
('10127', '2018-03-14', 0, 7, 0, 0),
('10331', '2018-03-14', 0, 0, 1, 2),
('10420', '2018-03-14', 7, 0, 0, 0),
('10532', '2018-03-14', 0, 1, 0, 7),
('10612', '2018-03-14', 7, 0, 0, 0),
('10619', '2018-03-14', 0, 0, 7, 0),
('10636', '2018-03-14', 0, 1, 0, 7),
('10729', '2018-03-14', 2, 0, 0, 0),
('10741', '2018-03-14', 0, 7, 0, 0),
('11010', '2018-03-14', 0, 0, 7, 1),
('10132', '2018-03-14', 7, 0, 0, 0),
('10109', '2018-03-15', 7, 0, 1, 0),
('10235', '2018-03-15', 0, 0, 0, 1),
('10337', '2018-03-15', 0, 7, 0, 1),
('10437', '2018-03-15', 7, 0, 0, 0),
('10444', '2018-03-15', 0, 0, 0, 3),
('10612', '2018-03-15', 7, 0, 0, 0),
('10741', '2018-03-15', 0, 1, 0, 7),
('10201', '2018-03-16', 0, 0, 0, 1),
('10354', '2018-03-16', 4, 0, 0, 0),
('10504', '2018-03-06', 0, 0, 1, 1),
('10629', '2018-03-16', 0, 0, 4, 0),
('10741', '2018-03-16', 0, 0, 0, 3),
('10820', '2018-03-16', 0, 1, 0, 0),
('11032', '2018-03-16', 4, 0, 0, 0),
('10333', '2018-03-18', 0, 0, 0, 1),
('10341', '2018-03-18', 0, 0, 1, 1),
('10342', '2018-03-18', 0, 0, 0, 1),
('10437', '2018-03-18', 3, 0, 0, 0),
('10504', '2018-03-18', 0, 2, 0, 0),
('10637', '2018-03-18', 1, 0, 7, 0),
('10901', '2018-03-18', 0, 0, 0, 1),
('11001', '2018-03-18', 7, 0, 0, 0),
('11018', '2018-03-18', 0, 1, 7, 0),
('11025', '2018-03-18', 0, 0, 2, 0),
('11038', '2018-03-18', 0, 7, 0, 0),
('10148', '2018-03-19', 0, 0, 0, 7),
('10342', '2018-03-19', 0, 0, 7, 1),
('10354', '2018-03-19', 7, 0, 0, 0),
('10355', '2018-03-19', 0, 0, 7, 0),
('10507', '2018-03-19', 0, 2, 1, 0),
('10545', '2018-03-19', 0, 2, 0, 0),
('10901', '2018-03-19', 0, 0, 0, 1),
('10934', '2018-03-19', 0, 0, 0, 7),
('11032', '2018-03-19', 6, 0, 0, 0),
('11037', '2018-03-19', 0, 0, 1, 1),
('11039', '2018-03-19', 0, 0, 7, 0),
('10119', '2018-03-20', 0, 0, 7, 0),
('10145', '2018-03-20', 0, 1, 0, 0),
('10342', '2018-03-20', 0, 0, 0, 7),
('10354', '2018-03-20', 1, 0, 0, 0),
('10428', '2018-03-20', 0, 1, 0, 7),
('10609', '2018-03-20', 0, 0, 7, 0),
('10921', '2018-03-20', 0, 0, 0, 7),
('11032', '2018-03-20', 7, 3, 0, 0),
('10338', '2018-03-21', 0, 0, 7, 0),
('10341', '2018-03-21', 0, 0, 0, 7),
('10614', '2018-03-21', 0, 1, 6, 0),
('10713', '2018-03-21', 0, 3, 0, 0),
('10909', '2018-03-21', 1, 0, 0, 1),
('10919', '2018-03-21', 0, 1, 0, 0),
('10942', '2018-03-21', 0, 0, 7, 0),
('11011', '2018-03-21', 7, 0, 0, 0),
('11032', '2018-03-21', 0, 3, 7, 0),
('11033', '2018-03-21', 0, 0, 0, 2),
('10348', '2018-03-22', 5, 0, 0, 0),
('10835', '2018-03-22', 0, 0, 0, 7),
('11028', '2018-03-22', 1, 7, 0, 0),
('11032', '2018-03-22', 0, 0, 0, 7),
('10215', '2018-03-25', 0, 0, 4, 2),
('10312', '2018-03-25', 7, 0, 0, 0),
('10341', '2018-03-25', 1, 0, 3, 0),
('10427', '2018-03-25', 0, 7, 0, 0),
('10428', '2018-03-25', 0, 0, 0, 7),
('10821', '2018-03-25', 1, 7, 0, 0),
('10904', '2018-03-25', 0, 0, 0, 1),
('10905', '2018-03-25', 0, 0, 0, 1),
('10919', '2018-03-25', 0, 1, 0, 0),
('10922', '2018-03-25', 3, 0, 0, 1),
('10923', '2018-03-25', 0, 0, 0, 3),
('11011', '2018-03-25', 0, 0, 0, 7),
('11031', '2018-03-25', 2, 0, 0, 0),
('11041', '2018-03-25', 2, 1, 0, 0),
('10116', '2018-03-26', 3, 0, 0, 0),
('11020', '2018-03-26', 0, 3, 0, 0),
('11036', '2018-03-26', 0, 0, 3, 0),
('11037', '2018-03-26', 0, 1, 0, 3),
('10316', '2018-03-26', 3, 0, 0, 0),
('10318', '2018-03-26', 0, 1, 7, 0),
('10337', '2018-03-26', 0, 3, 0, 0),
('10342', '2018-03-26', 0, 0, 0, 7),
('10413', '2018-03-26', 7, 0, 0, 1),
('10428', '2018-03-26', 0, 0, 0, 7),
('10453', '2018-03-26', 0, 3, 0, 0),
('10520', '2018-03-26', 0, 0, 0, 3),
('10525', '2018-03-26', 0, 0, 3, 0),
('10531', '2018-03-26', 3, 0, 1, 0),
('10534', '2018-03-26', 0, 0, 3, 0),
('10542', '2018-03-26', 3, 0, 0, 0),
('11011', '2018-03-26', 0, 0, 0, 1),
('11032', '2018-03-26', 0, 0, 1, 7),
('10101', '2018-03-27', 0, 1, 0, 3),
('10119', '2018-03-27', 1, 2, 0, 0),
('10341', '2018-03-27', 0, 1, 0, 1),
('10428', '2018-03-27', 7, 0, 0, 0),
('10429', '2018-03-27', 0, 7, 0, 0),
('10441', '2018-03-27', 1, 0, 0, 0),
('10612', '2018-03-27', 3, 0, 0, 1),
('10645', '2018-03-27', 0, 0, 0, 1),
('10814', '2018-03-27', 0, 0, 7, 0),
('10931', '2018-03-27', 3, 0, 0, 0),
('10942', '2018-03-27', 0, 0, 1, 2),
('11011', '2018-03-27', 0, 0, 0, 2),
('10101', '2018-03-28', 1, 7, 0, 0),
('10201', '2018-03-28', 0, 0, 0, 1),
('10234', '2018-03-28', 0, 1, 0, 0),
('10238', '2018-03-28', 0, 0, 1, 0),
('10337', '2018-03-28', 2, 0, 7, 0),
('10342', '2018-03-28', 0, 7, 0, 0),
('10611', '2018-03-28', 0, 2, 7, 0),
('10628', '2018-03-28', 2, 0, 0, 1),
('10729', '2018-03-28', 0, 0, 7, 0),
('10738', '2018-03-28', 0, 7, 0, 0),
('10931', '2018-03-28', 0, 2, 2, 0),
('10942', '2018-03-28', 0, 0, 0, 1),
('11011', '2018-03-28', 1, 0, 0, 2);

-- --------------------------------------------------------

--
-- 資料表結構 `salesorder`
--

CREATE TABLE `salesorder` (
  `seq` int(11) NOT NULL COMMENT '序號',
  `OrderId` varchar(8) NOT NULL COMMENT '訂單編號',
  `EmpId` varchar(8) NOT NULL COMMENT '員工代號',
  `CustId` varchar(8) NOT NULL COMMENT '客戶代號',
  `OrderDate` date NOT NULL COMMENT '訂單日期',
  `Descript` varchar(100) NOT NULL COMMENT '備註'
) ENGINE=InnoDB DEFAULT CHARSET=utf8 COLLATE=utf8_general_ci;

--
-- 傾印資料表的資料 `salesorder`
--

INSERT INTO `salesorder` (`seq`, `OrderId`, `EmpId`, `CustId`, `OrderDate`, `Descript`) VALUES
(1, '83101', '00022', 'A0015', '2016-01-02', '以支票付款'),
(2, '83102', '00054', 'A0046', '2016-02-06', ''),
(3, '83103', '00017', 'A0049', '2016-09-04', '發票收件人為聯絡人'),
(4, '83104', '00048', 'A0050', '2016-09-08', ''),
(57, '831057', '00092', 'A0010', '2016-10-25', ''),
(58, '831058', '00004', 'A0011', '2016-04-24', ''),
(59, '831059', '00048', 'A0023', '2017-08-14', ''),
(60, '831060', '00012', 'A0025', '0000-00-00', ''),
(61, '831061', '00022', 'A0015', '2017-08-09', ''),
(62, '831162', '00067', 'A0021', '2017-06-18', ''),
(63, '831163', '00027', 'A0030', '2017-09-29', ''),
(64, '831164', '00004', 'A0033', '2017-07-05', ''),
(65, '831165', '00034', 'A0034', '2017-08-21', ''),
(66, '831166', '00054', 'A0038', '2017-10-09', ''),
(67, '831167', '00027', 'A0017', '2017-05-07', ''),
(68, '831168', '00069', 'A0035', '2017-08-12', ''),
(69, '831269', '00067', 'A0041', '2017-06-07', ''),
(70, '831270', '00012', 'A0043', '2017-05-01', ''),
(71, '831271', '00016', 'A0052', '2017-06-28', ''),
(5, '83205', '00034', 'A0053', '2016-07-07', ''),
(6, '83206', '00059', 'A0055', '2016-07-16', ''),
(7, '83307', '00069', 'A0019', '2016-06-13', ''),
(8, '83308', '00092', 'A0026', '2016-08-07', ''),
(9, '83309', '00048', 'A0029', '2016-07-24', ''),
(10, '83310', '00005', 'A0004', '2016-09-23', ''),
(11, '83311', '00012', 'A0018', '2016-10-07', ''),
(12, '83312', '00004', 'A0033', '2016-10-10', ''),
(13, '83413', '00034', 'A0034', '2016-02-26', ''),
(14, '83414', '00034', 'A0036', '2016-06-19', ''),
(15, '83415', '00067', 'A0039', '2016-10-09', ''),
(16, '83416', '00069', 'A0019', '2016-08-12', ''),
(17, '83417', '00005', 'A0042', '2016-08-17', ''),
(18, '83418', '00054', 'A0003', '2016-05-13', ''),
(19, '83419', '00012', 'A0043', '2016-09-29', ''),
(20, '83520', '00054', 'A0046', '2016-08-22', ''),
(21, '83521', '00069', 'A0048', '2016-05-26', ''),
(22, '83522', '00048', 'A0050', '2016-02-28', ''),
(23, '83523', '00004', 'A0006', '2016-07-29', ''),
(24, '83524', '00067', 'A0021', '2016-04-15', ''),
(25, '83525', '00092', 'A0044', '0000-00-00', ''),
(26, '83526', '00016', 'A0052', '2016-05-17', ''),
(27, '83627', '00004', 'A0006', '2016-05-09', ''),
(28, '83628', '00027', 'A0008', '2016-10-19', ''),
(29, '83629', '00012', 'A0009', '2016-09-27', ''),
(30, '83630', '00022', 'A0013', '2016-04-18', ''),
(31, '83631', '00022', 'A0015', '2016-02-28', ''),
(32, '83632', '00004', 'A0011', '2016-10-11', ''),
(33, '83633', '00059', 'A0012', '2016-10-06', ''),
(34, '83634', '00036', 'A0014', '2016-06-21', ''),
(35, '83735', '00011', 'A0047', '2016-07-21', ''),
(36, '83736', '00048', 'A0023', '2016-09-03', ''),
(37, '83737', '00022', 'A0027', '2016-07-23', ''),
(41, '83741', '00004', 'A0033', '2016-10-14', ''),
(42, '83742', '00017', 'A0016', '2016-07-12', ''),
(43, '83843', '00067', 'A0039', '2016-05-18', ''),
(44, '83844', '00092', 'A0044', '2016-09-19', ''),
(45, '83845', '00027', 'A0008', '2016-09-22', ''),
(46, '83846', '00011', 'A0059', '2016-05-17', ''),
(47, '83847', '00012', 'A0009', '2016-07-18', ''),
(48, '83848', '00067', 'A0041', '2016-07-10', ''),
(49, '83849', '00036', 'A0051', '2016-09-10', ''),
(50, '83950', '00067', 'A0021', '2016-04-02', ''),
(51, '83951', '00017', 'A0049', '2016-07-31', ''),
(52, '83952', '00036', 'A0051', '2016-07-15', ''),
(53, '83953', '00034', 'A0054', '2016-09-07', ''),
(54, '83954', '00048', 'A0057', '2016-07-04', ''),
(55, '83955', '00027', 'A0058', '2016-04-17', ''),
(56, '83956', '00069', 'A0048', '2016-09-16', ''),
(120, '8410120', '00012', 'A0009 ', '2017-09-30', ''),
(121, '8410121', '00059', 'A0012 ', '2017-08-27', ''),
(122, '8410122', '00022', 'A0013 ', '2017-04-26', ''),
(123, '8410123', '00036', 'A0014 ', '2017-05-15', ''),
(124, '8410124', '00012', 'A0018 ', '2017-09-28', ''),
(125, '8410125', '00017', 'A0022 ', '2017-04-12', ''),
(126, '8410126', '00017', 'A0024 ', '2018-09-05', ''),
(127, '8410127', '00092', 'A0026 ', '2018-09-30', ''),
(128, '8411128', '00059', 'A0028', '2018-06-27', ''),
(129, '8411129', '00048', 'A0029', '2018-11-18', ''),
(130, '8411130', '00036', 'A0032', '2018-08-06', ''),
(131, '8411131', '00016', 'A0037', '2018-06-07', ''),
(132, '8411132', '00067', 'A0039', '2018-10-14', ''),
(133, '8412133', '00012', 'A0018', '2018-10-23', ''),
(134, '8412134', '00011', 'A0040', '2018-08-26', ''),
(135, '8412135', '00005', 'A0042', '2018-08-09', ''),
(136, '8412136', '00092', 'A0044', '2018-04-19', ''),
(137, '8412137', '00016', 'A0045', '2018-05-04', ''),
(72, '84172', '00005', 'A0001', '2017-06-10', ''),
(73, '84173', '00036', 'A0014', '2017-05-23', ''),
(74, '84174', '00017', 'A0016', '2017-07-21', ''),
(75, '84275', '00011', 'A0020', '2017-04-30', ''),
(76, '84376', '00027', 'A0017', '2017-09-08', ''),
(77, '84377', '00067', 'A0027', '2017-07-15', ''),
(78, '84378', '00059', 'A0028', '2017-07-24', ''),
(79, '84379', '00027', 'A0030', '2017-09-25', ''),
(80, '84380', '00022', 'A0031', '2017-09-15', ''),
(81, '84481', '00069', 'A0035', '2017-07-05', ''),
(82, '84482', '00054', 'A0038', '2017-02-18', ''),
(83, '84483', '00067', 'A0041', '2017-04-13', ''),
(84, '84584', '00016', 'A0002', '2017-07-25', ''),
(85, '84585', '00069', 'A0019', '2017-04-28', ''),
(86, '84586', '00011', 'A0047', '2017-05-29', ''),
(87, '84587', '00017', 'A0049', '2017-05-03', ''),
(88, '84588', '00036', 'A0051', '2017-07-10', ''),
(89, '84589', '00016', 'A0052', '2017-10-13', ''),
(90, '84590', '00034', 'A0053', '2017-08-26', ''),
(91, '84691', '00005', 'A0004', '2017-07-08', ''),
(92, '84692', '00054', 'A0005', '2017-04-06', ''),
(93, '84693', '00005', 'A0007', '2017-09-23', ''),
(94, '84694', '00092', 'A0010', '2017-07-12', ''),
(95, '84695', '00004', 'A0011', '2017-11-24', ''),
(96, '84696', '00059', 'A0012', '2017-06-03', ''),
(97, '84697', '00036', 'A0014', '2017-07-18', ''),
(98, '84698', '00017', 'A0016', '2017-08-15', ''),
(99, '84699', '00017', 'A0022', '2017-06-04', ''),
(100, '847100', '00011', 'A0020', '2017-09-22', ''),
(101, '847101', '00017', 'A0024', '2017-07-20', ''),
(102, '847102', '00012', 'A0025', '2017-05-03', ''),
(103, '847103', '00022', 'A0031', '2017-09-05', ''),
(104, '847104', '00036', 'A0032', '2017-11-17', ''),
(39, '84739', '00027', 'A0027', '2016-10-22', ''),
(40, '84740', '00067', 'A0027', '2016-08-03', ''),
(105, '848105', '00027', 'A0017', '2017-08-30', ''),
(106, '848106', '00069', 'A0035', '2017-04-25', ''),
(107, '848107', '00034', 'A0036', '2017-05-30', ''),
(108, '848108', '00016', 'A0037', '2017-05-31', ''),
(109, '848109', '00011', 'A0040', '2017-06-08', ''),
(110, '848110', '00005', 'A0042', '2017-08-14', ''),
(111, '848111', '00016', 'A0045', '2017-06-24', ''),
(112, '848112', '00011', 'A0047', '2017-07-21', ''),
(113, '849113', '00069', 'A0048', '2017-06-18', ''),
(114, '849114', '00048', 'A0050', '2017-05-02', ''),
(115, '849115', '00016', 'A0052', '2017-08-11', ''),
(116, '849116', '00034', 'A0053', '2017-06-30', ''),
(117, '849117', '00059', 'A0055', '2017-07-22', ''),
(118, '849118', '00004', 'A0056', '2017-09-25', ''),
(119, '849119', '00092', 'A0060', '2017-07-30', ''),
(141, '8510141', '00004', 'A0011', '2018-07-04', ''),
(163, '8510163', '00017', 'A0022', '2018-09-28', ''),
(175, '8511175', '00034', 'A0036', '2018-09-10', ''),
(179, '8511179', '00036', 'A0053', '2018-04-18', ''),
(190, '8511190', '00059', 'A0012', '2018-08-12', ''),
(194, '8511194', '00067', 'A0027', '2018-07-23', ''),
(164, '851164', '00022', 'A0031', '2018-09-10', ''),
(167, '851167', '00027', 'A0008', '2018-12-25', ''),
(168, '851168', '00027', 'A0058', '2018-06-13', ''),
(176, '851176', '00036', 'A0051', '2018-10-17', ''),
(191, '851191', '00067', 'A0010', '2018-05-30', ''),
(195, '851195', '00069', 'A0048', '2018-04-30', ''),
(166, '8512166', '00022', 'A0013', '2018-05-10', ''),
(201, '8512201', '00092', 'A0060', '2018-08-10', ''),
(169, '852169', '00027', 'A0058', '2018-07-05', ''),
(172, '852172', '00034', 'A0054', '2018-02-05', ''),
(188, '852188', '00059', 'A0028', '2018-07-13', ''),
(138, '853138', '00004', 'A0056', '2018-11-06', ''),
(142, '853142', '00005', 'A0042', '2018-01-19', ''),
(155, '853155', '00016', 'A0002', '2018-06-02', ''),
(156, '853156', '00016', 'A0037', '2018-07-20', ''),
(161, '853161', '00017', 'A0049', '2018-07-23', ''),
(177, '853177', '00036', 'A0032', '2018-05-11', ''),
(184, '853184', '00054', 'A0003', '2018-04-26', ''),
(198, '853198', '00092', 'A0060', '2018-09-24', ''),
(146, '854146', '00011', 'A0040', '2018-12-02', ''),
(147, '854147', '00011', 'A0059', '2018-12-18', ''),
(151, '854151', '00012', 'A0043', '2018-01-10', ''),
(157, '854157', '00016', 'A0037', '2018-04-26', ''),
(158, '854158', '00016', 'A0045', '2018-08-29', ''),
(185, '854185', '00054', 'A0005', '2018-09-19', ''),
(186, '854186', '00054', 'A0038', '2018-10-19', ''),
(192, '854192', '00067', 'A0041', '2018-06-30', ''),
(199, '854199', '00092', 'A0044', '2018-08-10', ''),
(143, '855143', '00005', 'A0001', '2018-10-17', ''),
(144, '855144', '00005', 'A0007', '2018-09-22', ''),
(148, '855148', '00011', 'A0047', '0000-00-00', ''),
(159, '855159', '00016', 'A0045', '2018-10-22', ''),
(170, '855170', '00027', 'A0030', '2018-05-23', ''),
(173, '855173', '00034', 'A0054', '2018-06-27', ''),
(180, '855180', '00048', 'A0050', '2018-08-03', ''),
(189, '855189', '00059', 'A0055', '2018-05-18', ''),
(139, '856139', '00004', 'A0006', '2018-06-28', ''),
(145, '856145', '00005', 'A0007', '2018-05-31', ''),
(149, '856149', '00011', 'A0059', '2018-04-04', ''),
(152, '856152', '00012', 'A0009', '2018-12-14', ''),
(160, '856160', '00016', 'A0020', '2018-06-26', ''),
(165, '856165', '00022', 'A0013', '0000-00-00', ''),
(171, '856171', '00027', 'A0008', '2018-09-28', ''),
(174, '856174', '00034', 'A0036', '2018-07-11', ''),
(181, '856181', '00048', 'A0023', '2018-09-20', ''),
(182, '856182', '00048', 'A0057', '2018-03-31', ''),
(193, '856193', '00067', 'A0010', '2018-09-08', ''),
(140, '857140', '00004', 'A0056', '2018-05-09', ''),
(200, '857200', '00092', 'A0026', '2018-10-17', ''),
(38, '85738', '00067', 'A0027', '2016-07-11', ''),
(153, '858153', '00012', 'A0043', '2018-12-05', ''),
(162, '858162', '00017', 'A0024', '2018-02-11', ''),
(178, '858178', '00036', 'A0034', '2018-06-29', ''),
(183, '858183', '00048', 'A0029', '2018-05-08', ''),
(187, '858187', '00054', 'A0046', '2018-09-08', ''),
(196, '858196', '00069', 'A0057', '2018-09-27', ''),
(197, '858197', '00069', 'A0038', '2018-05-28', ''),
(150, '859150', '00011', 'A0040', '2018-10-18', ''),
(154, '859154', '00012', 'A0025', '2018-02-25', '');

-- --------------------------------------------------------

--
-- 資料表結構 `students`
--

CREATE TABLE `students` (
  `ClassNo` varchar(9) NOT NULL COMMENT '班級座號',
  `StName` varchar(7) DEFAULT NULL COMMENT '姓名',
  `Birthday` date DEFAULT NULL COMMENT '出生年月日',
  `IDCard` varchar(11) DEFAULT NULL COMMENT '身分証號碼',
  `Address` varchar(33) DEFAULT NULL COMMENT '住址',
  `Parent` varchar(9) DEFAULT NULL COMMENT '家長',
  `Phone` varchar(15) DEFAULT NULL COMMENT '電話',
  `Department` varchar(5) DEFAULT NULL COMMENT '科別'
) ENGINE=InnoDB DEFAULT CHARSET=utf8 COLLATE=utf8_general_ci;

--
-- 傾印資料表的資料 `students`
--

INSERT INTO `students` (`ClassNo`, `StName`, `Birthday`, `IDCard`, `Address`, `Parent`, `Phone`, `Department`) VALUES
('10101', '王一穎', '2002-03-05', 'C220932599', '基隆市安樂區安和一街4巷4-3號4F', '王世傑', '02-4310667', '商經'),
('10102', '王彗如', '2001-09-08', 'F223260888', '台北縣瑞芳鎮一坑路426號', '王文淵', '02-4971835', '商經'),
('10103', '王琇榆', '2002-08-28', 'F224416277', '基隆市暖暖區源遠路292巷1-5號1F', '王進豐', '02-4570828', '商經'),
('10104', '朱麗真', '2002-08-28', 'F224416642', '台北縣瑞芳鎮逢甲路337號', '朱水順', '02-4970773', '商經'),
('10105', '江玉婷', '2001-12-10', 'C220930844', '基隆市安樂區安和一街6巷43之1號2F', '江明順', '02-4322272', '商經'),
('10106', '余佳慧', '2001-12-16', 'C221016576', '基隆市七堵區百六街53號3F', '余長壽', '02-4518685', '商經'),
('10107', '余鳳如', '2002-01-06', 'F224418333', '北縣瑞芳鎮三爪子坑路106 巷11號3F', '余學義', '02-4974327', '商經'),
('10108', '吳幼君', '2002-04-01', 'C220933005', '基隆市獅球路111巷39號2F', '吳  屘', '02-4318360', '商經'),
('10109', '吳泓宜', '2002-07-09', 'F223269461', '基隆市信義區義六路36-34 號3F', '吳慶鐘', '02-4275530', '商經'),
('10110', '吳金圓', '2002-01-02', 'V221034098', '基隆中正區調和街80巷63號', '劉鳳鳴', '02-4693021', '商經'),
('10111', '呂淑華', '2002-03-03', 'C220885719', '基隆市中正區正義路74巷30弄40號', '呂芳雄', '02-4287732', '商經'),
('10112', '李佩君', '2002-09-17', 'G221364884', '台北縣瑞芳鎮大寮路49巷1 號', '李旺樹', '02-4969168', '商經'),
('10113', '林怡蓉', '2001-10-24', 'F224413749', '台北縣瑞芳鎮東和路84號', '林金池', '02-4977208', '商經'),
('10114', '林欣怡', '2001-12-11', 'C220845288', '基隆市暖暖區金山街74號', '林清祥', '02-4582284', '商經'),
('10115', '林秋桂', '2001-11-16', 'G221135749', '基隆市安樂區麥金路11巷40號', '林明東', '02-4327347', '商經'),
('10116', '林虹姍', '2002-02-26', 'F224414291', '台北縣瑞芳鎮中山路246巷11號2F', '林文吉', '02-4974586', '商經'),
('10117', '林菁菁', '2002-07-13', 'F224117288', '台北縣貢寮鄉龍崗村泮宮路17號', '林顯瑞', '02-4941334', '商經'),
('10118', '林意娟', '2002-06-01', 'F224418708', '瑞芳鎮三爪子坑路民享新村11號1F', '林飛', '02-4979021', '商經'),
('10119', '林詩雨', '2002-09-16', 'K221651732', '基隆市中山區中華路135-3 號4F', '林德祥', '02-4230092', '商經'),
('10120', '林慧敏', '2002-05-03', 'C221022958', '基隆七堵區泰安路91號', '林玉雲', '02-4514121', '商經'),
('10121', '俞玉華', '2002-02-24', 'C220885246', '基隆市信義區東峰街11巷2 號', '俞蕭秦英', '02-4654770', '商經'),
('10122', '徐慧如', '2002-03-11', 'F224414353', '台北縣瑞芳鎮大埔路48號3F', '徐朝雄', '02-4579700', '商經'),
('10123', '張純芬', '2002-10-20', 'C221025520', '基隆市七堵區東新街4巷66 號', '徐瑞琴', '02-4564111', '商經'),
('10124', '張惠琴', '2001-06-06', 'C220596548', '基隆市中山區協和街192-1 號', '張水清', '02-4288344', '商經'),
('10125', '張雅琴', '2002-04-03', 'F223694213', '台北縣萬里鄉員潭路6號', '張正吉', '02-4983355', '商經'),
('10126', '許秀雅', '2002-06-24', 'F223694651', '基隆市中正區中正路182巷33-1號', '許景仁', '02-4286086', '商經'),
('10127', '許奕偲', '2002-09-29', 'C220973438', '基隆市信義區深澳路226-1 號', '許文誠', '02-4651306', '商經'),
('10128', '郭文玲', '2001-09-19', 'C220957792', '基隆市安樂區武嶺街274之2號3F', '郭國麟', '02-4331399', '商經'),
('10129', '陳  玫', '2002-02-18', 'C220948408', '基隆市中山區通明街53巷7 號', '張季緞', '02-4231258', '商經'),
('10130', '陳金瑜', '2002-02-17', 'C220309303', '基隆市暖暖區國安路30巷6 號1F', '陳德雄', '02-4573928', '商經'),
('10131', '陳惠茹', '2002-01-13', 'C220970982', '基隆市信義區深澳坑路13-1號', '陳翰霖', '02-4653844', '商經'),
('10132', '曾惠萍', '2002-02-11', 'C220948293', '基隆市中山區中華路69巷52號', '曾明吉', '02-4281414', '商經'),
('10133', '游寶貴', '2003-02-09', 'F222597840', '台北縣雙溪鄉十三層路45號', '曹菊枝', '02-4932802', '商經'),
('10134', '楊玲瑩', '2001-10-23', 'F225982163', '基隆市復興路259巷38號4F', '楊福鈞', '02-4366195', '商經'),
('10135', '葉樺宣', '2002-07-14', 'F224883447', '台北縣汐止鎮水源路二段184巷7號', '葉金寶', '02-6415555', '商經'),
('10136', '詹雅惠', '2001-11-14', 'C221021942', '基隆市七堵區明德2路1巷111號2F', '詹兩傳', '02-4512268', '商經'),
('10137', '廖千慧', '2002-10-06', 'F224885503', '基隆市暖暖區過港路10巷251號', '廖修傳', '02-4570716', '商經'),
('10138', '廖佳薇', '2002-06-22', 'C221023464', '基隆市七堵區明德3路93號', '廖進財', '02-4511340', '商經'),
('10139', '趙珮菁', '2002-08-30', 'C220974873', '基隆市信義區義三路12巷37號', '趙基旺', '02-4293600', '商經'),
('10140', '劉欣怡', '2001-12-15', 'C221058029', '基隆市中山區中平街51-13 號', '劉明輝', '02-4274041', '商經'),
('10141', '潘柔君', '2002-06-02', 'C221001539', '基隆市中山區華興街51巷1-3號4F', '葉玉嬌', '02-4243092', '商經'),
('10142', '蔡文芳', '2002-04-20', 'C220933292', '基隆市西定路132巷44號2F', '蔡吳家銘', '02-4251568', '商經'),
('10143', '簡敏如', '2000-11-12', 'C220836261', '基隆市中正區和二路16號', '簡天賜', '02-4620992', '商經'),
('10144', '鐘翊雯', '2000-11-03', 'G221261646', '基隆市深澳坑路310-1號', '鐘龍水', '02-4662401', '商經'),
('10145', '毛郁茹', '2002-01-10', 'C220970964', '基隆市信二路74巷103號', '毛錦銓', '02-4234410', '商經'),
('10146', '許嘉珍', '2002-07-23', 'C221024176', '基隆市七堵區崇智街25號2F', '許峻源', '02-4560330', '商經'),
('10147', '許惠珍', '2001-08-16', 'CH002894', '基隆市新西街3巷6號', '許吉龍', '02-4251472', '商經'),
('10148', '牟台芬', '2002-01-05', 'C220971587', '基隆市東信路180巷24號', '牟敦泰', '02-4661985', '商經'),
('10149', '利心怡', '2001-11-22', 'T222674763', '基隆市暖暖過港路10巷107號', '利錦康', '02-4579585', '商經'),
('10201', '王可欣', '2001-09-20', 'C220957916', '北縣瑞芳鎮中央路48巷7號4F吉祥園', '王國全', '02-4582740', '國貿'),
('10202', '王俐婷', '2002-03-04', 'H222443625', '基隆市信義區義七路26巷14號5F', '王慶源', '02-4281849', '國貿'),
('10203', '王淑靜', '2001-12-17', 'E223183821', '基隆市中山區復興路212巷12弄23號', '林春蓮', '02-4371131', '國貿'),
('10204', '朱瑩娟', '2002-02-18', 'F224414335', '基隆市仁愛區愛七路16-甲 號', '朱英博', '02-4288880', '國貿'),
('10205', '吳欣慈', '2002-08-13', 'A225034158', '基隆市安樂區安和一街4巷33-4號5F', '吳長義', '02-4322951', '國貿'),
('10206', '吳珮琳', '2002-10-27', 'C220889468', '基隆市中正區豐稔街54巷16-4號5F', '吳正順', '02-4622333', '國貿'),
('10207', '李欣怡', '2002-02-10', 'F224407492', '台北縣金山鄉仁愛路51號1F', '李雄', '02-4984686', '國貿'),
('10208', '林佳玲', '2001-12-05', 'G221476825', '基隆市七堵區明德二路13號3F', '林春金', '039-360436', '國貿'),
('10209', '林素瑩', '2002-07-19', 'F224416946', '台北縣瑞芳鎮明燈路二段54號1F', '林富田', '02-4968775', '國貿'),
('10210', '林淑真', '2002-04-03', 'F224414068', '北縣瑞芳鎮三爪子坑民享新村37號1F', '林添進', '02-4976722', '國貿'),
('10211', '林菊芳', '2001-11-05', 'G221476165', '基隆市七堵區明德二路13號3F', '林基吳', '02-4516556', '國貿'),
('10212', '林嘉慧', '2002-01-18', 'F224470637', '基隆市中正區和平街5巷9號', '林其祥', '02-4629527', '國貿'),
('10213', '林靜雯', '2001-10-23', 'C220952911', '基隆市中山區中山三路167 巷52號', '林勝貴', '02-4265939', '國貿'),
('10214', '林薏茹', '2002-03-06', 'F224414317', '台北縣瑞芳鎮大埔路慶安新村18號', '林聰明', '02-4576882', '國貿'),
('10215', '姚斯梅', '2002-07-01', 'A220848849', '基隆市信義區信二路174巷16號3F', '單韻蓉', '02-4295596', '國貿'),
('10216', '徐苑玲', '2002-09-03', 'C220888498', '基隆市中正區八斗街96巷27-1號', '徐姚榮', '02-4691897', '國貿'),
('10217', '許巧鈴', '2002-08-13', 'C220971783', '基隆市信義區東信路236巷37-26號', '許登松', '02-4657585', '國貿'),
('10218', '許雅君', '2001-12-29', 'F224419054', '台北縣瑞芳鎮中山路158巷10號1F', '許榮春', '02-4971976', '國貿'),
('10219', '許婉瑩', '2002-05-23', 'H222837332', '基隆市復興路64巷17號4F', '許志誠', '02-4658624', '國貿'),
('10220', '郭軒芳', '2002-10-25', 'C220889511', '基隆市中正區北寧路252巷6弄25號', '郭錦花', '02-4692020', '國貿'),
('10221', '郭紫鵲', '2002-02-19', 'F224116370', '台北縣貢寮鄉真理村延平街159號', '郭泰雄', '02-4901955', '國貿'),
('10222', '陳佳琪', '2001-12-12', 'C220931154', '基隆市中山區中華路69巷60號', '陳春來', '02-4278627', '國貿'),
('10223', '陳佳鈴', '2001-11-21', 'F224537520', '台北縣汐止鎮水源路2段190號2F', '王美雲', '02-6434627', '國貿'),
('10224', '陳品妡', '2002-05-28', 'C221090563', '基隆市延平街52-2號', '陳寬銘', '02-4278087', '國貿'),
('10225', '陳品穎', '2002-11-03', 'C220963549', '基隆市信義區深澳坑166-7 號6F', '陳松風', '02-4663416', '國貿'),
('10226', '陳秋雲', '2002-05-14', 'V221035102', '基隆市中正區新豐街161巷12號', '陳德順', '02-4693828', '國貿'),
('10227', '陳偉玲', '2002-02-02', 'C221056078', '基隆市仁愛區仁一路163巷9號', '陳建誠', '02-4234904', '國貿'),
('10228', '陳淑儀', '2001-11-23', 'C220883500', '基隆市中正區和一路103號2F', '江美麗', '02-4626698', '國貿'),
('10229', '陳寵雅', '2002-06-12', 'C220887204', '基隆市中正區北寧路333號', '陳金水', '02-4693795', '國貿'),
('10230', '游怡芳', '2002-06-24', 'C220961536', '基隆市中山區西定路132巷41號', '游景城', '02-4277495', '國貿'),
('10231', '黃景萱', '2002-01-29', 'C220305001', '基隆安樂區樂利三街28巷8 號2F', '黃秋明', '02-4312403', '國貿'),
('10232', '黃曉瀅', '2001-10-06', 'H222510774', '基隆市中山二路51巷60號', '呂秀珍', '02-4286453', '國貿'),
('10233', '黃韻潔', '2002-04-27', 'F224414942', '台北縣瑞芳鎮三爪子坑路29巷59號4F', '黃文定', '02-4977716', '國貿'),
('10234', '潘絮瑩', '2002-08-23', 'C220917832', '基隆市中山區中山一路4號', '駱玉琴', '02-4228529', '國貿'),
('10235', '賴佩筠', '2002-02-18', 'C221017322', '台北縣金山鄉中山路395號A區9F之六', '賴蓮和', '02-4985610', '國貿'),
('10236', '謝玉鳳', '2002-07-12', 'C220974033', '基隆市中正區新豐街327巷51號', '謝清波', '02-4693553', '國貿'),
('10237', '謝雯雯', '2002-06-18', 'C220887393', '基隆市調和街290巷286號', '謝勳明', '02-4693308', '國貿'),
('10238', '簡詩雅', '2002-05-31', 'C220961269', '基隆市信義區東明路217號5樓', '黃幼玲', '02-4651950', '國貿'),
('10301', '白盈君', '2002-07-18', 'C221024041', '基隆市暖暖街570巷110-3號', '白李發', '02-4582448', '資處'),
('10302', '何蕙芬', '2002-03-15', 'F223694133', '台北縣萬里鄉野柳村港西路11-1號', '何建松', '02-4923610', '資處'),
('10303', '吳明樺', '2001-11-23', 'F224413141', '台北縣瑞芳鎮瑞濱里台電新村114號', '吳文盛', '02-4978362', '資處'),
('10304', '吳金陵', '2001-10-14', 'F223268008', '台北縣汐止鎮民族六街5巷8號2F', '吳炳分', '02-6953914', '資處'),
('10305', '吳惠萍', '2002-07-03', 'U221014700', '基隆市中正區正榮街36-3號3F', '曾冬妹', '02-4625932', '資處'),
('10306', '李玉雯', '2002-04-28', 'C220944419', '基隆市中山一路271號', '李金山', '02-4256152', '資處'),
('10307', '李雅芳', '2002-04-14', 'H222459221', '台北縣萬里鄉大鵬村下社路41-1號', '李自忠', '02-4985637', '資處'),
('10308', '李嘉芳', '2002-04-29', 'F224408097', '台北縣金山鄉重和村林口路8-1號', '李信男', '02-4983292', '資處'),
('10309', '李麗欣', '2002-04-02', 'C220960735', '台北縣萬里鄉加投路213號', '李其輝', '02-4982340', '資處'),
('10310', '杜瑞萍', '2002-09-11', 'C220888916', '基隆市北寧路480-2號', '杜文生', '02-4693294', '資處'),
('10311', '周安貞', '2002-09-23', 'C220597205', '基隆安樂區崇德路10巷26號1F', '周清溪', '02-4228297', '資處'),
('10312', '林秀霞', '2001-12-01', 'F224413203', '台北縣瑞芳鎮東和路16巷46號2F', '林源炎', '02-4977772', '資處'),
('10313', '林育璿', '2001-05-16', 'C220925692', '基隆市仁五路31巷2弄30號 之1F', '林觀清', '02-4238364', '資處'),
('10314', '林淑華', '2001-04-01', 'F223264840', '台北縣平溪鄉十分街209號', '林萬居', '02-4958056', '資處'),
('10315', '林詩萍', '2002-08-24', 'F223694839', '台北縣萬里鄉玉田路46-4號', '林介璧', '02-4923421', '資處'),
('10316', '施新怡', '2002-03-20', 'F224413927', '台北縣瑞芳鎮三爪子坑路13巷7號', '施雄', '02-4978642', '資處'),
('10317', '徐秀豐', '2002-02-09', 'V221034409', '基隆市中正區和一路2巷9之13號', '徐長妹', '02-4632481', '資處'),
('10318', '高玉茹', '2002-09-22', 'C221001806', '基隆市中正區正義路2巷78 號3F', '洪素員', '02-4228896', '資處'),
('10319', '張秀真', '2002-05-06', 'F223269265', '台北縣雙溪鄉三港村雙澳路95號', '張炎火', '02-4932203', '資處'),
('10320', '許惠琄', '2002-04-24', 'C221022805', '基隆七堵區明德一路172巷16之4號', '許文棋', '02-4567293', '資處'),
('10321', '陳欣青', '2001-04-05', 'F224352561', '台北縣汐止鎮水源路2段190號1F', '陳炎興', '02-6418130', '資處'),
('10322', '陳芳祝', '2002-03-02', 'F224414273', '台北縣瑞芳鎮頌德里8號巷3號', '張麗卿', '02-4975359', '資處'),
('10323', '陳雅玲', '2002-02-26', 'C220948328', '基隆市中山區通明街70-2號', '陳上華', '02-4288811', '資處'),
('10324', '陳雅霖', '2002-01-05', 'C220971998', '基隆市信義區月眉路65巷108號之2', '陳正雄', '02-4652732', '資處'),
('10325', '陳慈縈', '2002-07-29', 'F224417210', '台北縣瑞芳鎮粗坑口路37號', '陳連枝', '02-4578811', '資處'),
('10326', '陳嘉儀', '2001-11-22', 'C221001226', '基隆市花源五街15號4F', '陳金明', '02-4651340', '資處'),
('10327', '陳慧禎', '2002-07-16', 'C220961741', '基隆市中山區復興路230巷63-2號3F', '陳榮華', '02-4372168', '資處'),
('10328', '陳靜雯', '2001-12-03', 'F224418726', '台北縣瑞芳鎮中山路77號', '陳榮貴', '02-4974224', '資處'),
('10329', '陳韻芬', '2002-08-09', 'C220962159', '基隆市安樂區安一路100巷219-3號4F', '陳振宗', '02-4252917', '資處'),
('10330', '黃秋萍', '2002-02-03', 'C220885022', '基隆市中正區北寧路346-3 號4F', '黃茂林', '02-4692220', '資處'),
('10331', '黃郁茹', '2002-09-24', 'C220974462', '基隆市信義區信二路25-7號4F', '黃輝隆', '02-4243317', '資處'),
('10332', '楊亦菁', '2002-09-27', 'C220890103', '基隆市基金一路359號5F', '楊榮華', '02-4337460', '資處'),
('10333', '楊淑樺', '2002-08-06', 'C220845662', '基隆市七堵區泰安路69-5號2F', '楊再明', '02-4514641', '資處'),
('10334', '楊愛君', '2001-05-29', 'C222614846', '基隆市漁港三街108號5樓', '楊清平', '02-4695677', '資處'),
('10335', '萬淑淋', '2002-03-28', 'C220886234', '基隆市調和街30號', '萬文輝', '02-4693611', '資處'),
('10336', '詹慧君', '2001-09-03', 'F224650804', '台北縣瑞芳鎮大埔路152號1樓', '江明月', '02-4571005', '資處'),
('10337', '趙偵如', '2001-12-17', 'C220970884', '基隆市信義區東明路39巷45-14號4F', '趙偉良', '02-4656768', '資處'),
('10338', '趙曉玲', '2002-10-04', 'C221025235', '基隆市中正區正榮街77巷43號底二層', '趙木生', '02-4272406', '資處'),
('10339', '劉致聖', '2002-11-04', 'C220942228', '基隆市中山區中華路103-1 號5F', '劉振峰', '02-4232710', '資處'),
('10340', '潘嘉莉', '2002-05-30', 'A225189596', '基隆市信義區花源五街7號6樓', '潘榮華', '02-4663210', '資處'),
('10341', '蔡佳真', '2000-06-11', 'A222116546', '基隆市基金二路1巷66-8號', '蔡廖森', '02-4333266', '資處'),
('10342', '蔡惠玲', '2000-03-09', 'F223690322', '台北縣萬里鄉加投路六鄰23號之3 2F', '蔡文和', '02-4986193', '資處'),
('10343', '蔡鳳玲', '2002-02-06', 'C220959750', '基隆市中山區復興路230巷63號', '蔡春河', '02-4371767', '資處'),
('10344', '賴怡菁', '2001-03-15', 'C220838890', '基隆市中船路112巷2 弄11-3號4F', '賴明宗', '02-4274782', '資處'),
('10345', '謝佳純', '2002-04-21', 'C220886761', '基隆市中正區中正街656巷40號2F', '謝寬二', '02-4624537', '資處'),
('10346', '謝秋燕', '2002-08-30', 'C220973072', '基隆市東信路154巷11-2號3F', '謝金木', '02-4650755', '資處'),
('10347', '簡玉茹', '2001-12-26', 'C220884310', '基隆市祥豐街187-1號2F', '簡政聲', '02-4627840', '資處'),
('10348', '簡怡婷', '2002-03-17', 'C220885988', '基隆市中正區漁港三街146 號3F', '簡國清', '02-4691540', '資處'),
('10349', '羅秀玉', '2002-08-27', 'F223694955', '台北縣萬里鄉磺潭村清水路13號', '羅黃英', '02-4984536', '資處'),
('10350', '蘇月香', '2001-10-05', 'P222671482', '基隆市安樂區基金二路1巷158號', '留素碧', '02-4691122', '資處'),
('10351', '朱蕙琴', '2001-11-21', 'C220883635', '基隆市中正區北寧路369巷27-3號', '朱英連', '02-4691518', '資處'),
('10352', '李千怡', '2002-01-04', 'C220971612', '基隆市信義區信二路101號之4,4樓', '李新田', '02-4239773', '資處'),
('10353', '張喬后', '2002-01-29', 'C221016692', '基隆市源遠路188巷14之3號', '張榮文', '02-4579947', '資處'),
('10354', '羅小芬', '2002-07-21', 'L222978509', '台北縣金山鄉仁愛路67巷9 號3F', '丁春菅', '02-4986214', '資處'),
('10355', '石姍珊', '2002-04-13', 'C220886458', '基隆中正區正濱路116巷7弄10號5F', '石清隆', '02-4623474', '資處'),
('10356', '賴書敏', '2002-10-09', 'C221001753', '基隆市中山區中山二路32號', '簡銀女', '02-4233128', '資處'),
('10357', '李曉雯', '2002-07-26', 'F224417434', '基隆市暖暖區源遠路152巷31號5F', '李清連', '02-4573183', '資處'),
('10401', '王雅萍', '2002-07-10', 'P222664423', '基隆市七堵區泰安路22號1F', '王進後', '02-4515078', '資處'),
('10402', '江瑩純', '2002-08-01', 'F223694786', '台北縣萬里鄉瑪鍊下街49號', '江春長', '02-4925378', '資處'),
('10403', '吳佳芬', '2002-05-20', 'C220886798', '基隆市中正區北寧路31巷4-1號', '吳金吉', '02-4629028', '資處'),
('10404', '吳秋萍', '2001-10-29', 'F223272235', '台北縣頁寮鄉仁和路41號2F', '吳有福', '02-4902565', '資處'),
('10405', '吳雯蓉', '2001-12-07', 'F224116236', '台北縣頁寮鄉仁和路41號2F', '吳有福', '02-4902656', '資處'),
('10406', '巫如宜', '2002-04-12', 'C220972799', '基隆市信義區信二路174巷49-4號5F', '巫添財', '02-4295279', '資處'),
('10407', '李玉如', '2000-12-22', 'P222481844', '基隆市義三路12巷39號5F', '劉淑霞', '02-4277000', '資處'),
('10408', '汪佳穎', '2002-07-19', 'C220934851', '基隆市信義區東明路54號4F', '汪勝華', '02-4654149', '資處'),
('10409', '汪素瑩', '2002-10-04', 'C220889048', '基隆市中正區中正路790-1 號', '汪銘振', '02-4621493', '資處'),
('10410', '周佩賢', '2002-03-25', 'C220845117', '基隆市暖暖街180-7號5F', '周陽生', '02-4573452', '資處'),
('10411', '邱婉琪', '2001-10-11', 'C220929501', '基隆市暖暖區源遠路292巷4-1號2F', '邱瑞添', '02-4573379', '資處'),
('10412', '柯惠文', '2002-03-10', 'V221034785', '基隆市月眉路69號', '柯瑞欽', '090-022306', '資處'),
('10413', '洪少衿', '2002-04-24', 'C220973241', '基隆市月眉路69號', '洪林乾', '02-4653238', '資處'),
('10414', '徐意如', '2002-08-10', 'F224117091', '台北縣貢寮鄉仁愛路124巷2號3F', '徐顯榮', '02-4901148', '資處'),
('10415', '張心怡', '2002-03-29', 'C220960762', '基隆市安樂區武聖街144巷23號3F', '張福長', '02-4333639', '資處'),
('10416', '張苑茹', '2002-07-05', 'C221023704', '基隆市七堵區工建路172號2F', '張振興', '02-4513353', '資處'),
('10417', '張曉茹', '2002-10-26', 'C220963209', '基隆市安樂區崇德路68號底樓', '張金牛', '02-4286109', '資處'),
('10418', '張懷文', '2002-09-17', 'C220846249', '基隆暖暖區寧靜街48號1F', '張南方', '02-4575236', '資處'),
('10419', '張麗芳', '2001-10-23', 'V221033411', '基隆中正區中正路345號之4,5樓', '張義聖', '02-4632694', '資處'),
('10420', '莊巧鈐', '2002-11-04', 'F224912080', '基隆市暖暖區源遠路243號', '莊金來', '02-4574792', '資處'),
('10421', '許若霜', '2002-10-29', 'C220889575', '基隆市中正區新豐街159號4樓', '許忠勇', '02-4691101', '資處'),
('10422', '許曉娟', '2002-01-08', 'C220959287', '基隆市仁愛區龍安街29號5F', '許建財', '02-4277145', '資處'),
('10423', '陳玉燕', '2001-10-28', 'U221036484', '基隆市中正區正濱路116巷5弄9號5F', '陳阿德', '02-4629726', '資處'),
('10424', '陳佳雯', '2002-05-21', 'C220933961', '基隆中正區祥豐街112號3F', '陳建良', '02-4621345', '資處'),
('10425', '陳明瑜', '2002-11-04', 'C220963932', '基隆市安樂區新西街207巷30之3號4F', '陳朝國', '02-4255482', '資處'),
('10426', '陳欣瑜', '2002-10-29', 'F224846971', '基隆市中和路168巷13弄10 號4F', '方鳳嬌', '02-4365587', '資處'),
('10427', '陳婉婷', '2002-07-19', 'F225250353', '台北縣瑞芳鎮岳王路78號4F', '陳竹', '02-4972475', '資處'),
('10428', '陳淑美', '2001-04-15', 'G221410729', '基隆市義二路105號', '陳清標', '02-4264907', '資處'),
('10429', '陳雅玲', '2002-09-15', 'C220888649', '基隆市中正區中船路90巷3 號3F', '陳勝奇', '02-4284842', '資處'),
('10430', '陳雅慧', '2000-12-15', 'F223692022', '台北縣金山鄉四維路41號1F', '陳錦亮', '02-4982759', '資處'),
('10431', '陳蓉蓉', '2001-12-07', 'E223099995', '基隆市中正區和一路75號3F', '吳美月', '02-4632685', '資處'),
('10432', '黃依萍', '2001-12-05', 'V220882956', '基隆市中正區新豐街327巷24號', '黃光仁', '02-4692153', '資處'),
('10433', '黃玲蓉', '2002-01-17', 'E222805659', '台北縣金山鄉清水路60巷16號', '黃文政', '02-4984056', '資處'),
('10434', '黃素麗', '2002-10-05', 'C220890078', '基隆市中正區平二路19巷17號', '黃春隆', '02-4623518', '資處'),
('10435', '黃鈺惠', '2002-01-12', 'H222495094', '台北縣瑞芳鎮明里路121號', '黃翔', '02-4962023', '資處'),
('10436', '楊秀娟', '2002-07-09', 'E223225744', '基隆市中正區漁港三街108 號5F', '楊清平', '02-4695677', '資處'),
('10437', '楊姍玫', '2002-11-26', 'F224939926', '台北縣貢寮鄉朝陽街20號', '楊文然', '02-4941228', '資處'),
('10438', '葉雅麟', '2002-02-02', 'C220932393', '基隆市仁二路191號之5F', '葉盛慧卿', '02-4241255', '資處'),
('10439', '詹惠雯', '2002-11-06', 'C220963496', '基隆市深澳坑路168巷52弄21號4F', '詹楊忠成', '02-4664103', '資處'),
('10440', '廖思雅', '2001-10-30', 'F224412582', '台北縣瑞芳鎮基山街22號', '廖志祥', '02-4976471', '資處'),
('10441', '廖淑真', '2002-03-01', 'F224116549', '台北縣貢寮鄉仁愛路116號', '廖俊明', '02-4901673', '資處'),
('10442', '劉純慧', '2002-09-20', 'V221118464', '基隆市中正區新豐街157號4樓', '林彩祥', '02-4691499', '資處'),
('10443', '劉婉怡', '2001-10-24', 'C220944106', '基隆市中正區祥豐街319號5樓', '劉金樹', '02-4627923', '資處'),
('10444', '劉雅玲', '2002-02-02', 'F224538992', '台北縣汐止鎮忠孝東路437 巷16號1F', '劉元在', '02-6410635', '資處'),
('10445', '劉曉韻', '2002-09-20', 'X220367285', '基隆市七堵區百二路88-2號3F', '劉峰瑞', '02-4512615', '資處'),
('10446', '蔡梅玉', '2002-05-26', 'C220886850', '基隆市中正區和平街29巷51弄1號', '蔡則貴', '02-4629151', '資處'),
('10447', '鄭秋菊', '2001-04-28', 'C220596459', '基隆市中平街172號之2,3樓', '鄭錦基', '02-4278611', '資處'),
('10448', '鄭淑秋', '2002-10-18', 'F222596790', '台北縣雙溪鄉魚行村新店街52號', '鄭三郎', '02-4931326', '資處'),
('10449', '鄭麗秋', '2002-12-06', 'F224117724', '台北縣貢寮鄉貢寮街61號', '鄭天助', '02-4941498', '資處'),
('10450', '賴淑真', '2002-09-29', 'C220845911', '基隆市深澳坑2-51號4F', '賴朝松', '02-4655202', '資處'),
('10451', '賴琦', '2002-08-22', 'F224416964', '台北縣瑞芳鎮深澳路63號', '賴銀旺', '02-4977486', '資處'),
('10452', '謝淑玲', '2002-09-15', 'U221227887', '基隆市中山區中華路105巷57號', '謝賜源', '02-4281534', '資處'),
('10453', '簡心培', '2002-07-01', 'F224418217', '瑞芳鎮三爪子坑路47巷2弄16-1號2F', '簡志達', '02-4971397', '資處'),
('10454', '顏富仙', '2002-06-26', 'N223734638', '基隆市中正區平三路13號5F', '顏降復', '02-4625904', '資處'),
('10455', '賴怡芳', '2002-01-23', 'C220884598', '基市安樂區樂利三街28巷27-2號3F', '賴宗成', '02-4321092', '資處'),
('10456', '鍾慧玉', '2002-08-08', 'F223266111', '台北縣平溪鄉十分街202號', '鍾榮富', '02-4958535', '資處'),
('10457', '楊嘉琪', '2002-06-12', 'C220972842', '基隆市東明路55巷12號4F', '楊坤清', '02-4662043', '資處'),
('10458', '林伶霞', '2001-12-17', 'A225183343', '基隆市劉銘傳路11巷24弄8-2號3F', '李玉音', '02-4284665', '資處'),
('10459', '廖潔如', '2002-06-12', 'F224068520', '北縣石門鄉中央路44巷27號', '廖國鈞', '02-6382956', '資處'),
('10501', '方元君', '2001-12-18', 'F224506856', '基隆市信義區東信路180巷70號', '方明志', '02-4654922', '資處'),
('10502', '石姍珊', '2002-04-13', 'C220886458', '基隆中正區正濱路116巷7弄10號5F', '石清隆', '02-4623474', '資處'),
('10503', '朱蕙琴', '2001-11-21', 'C220883635', '基隆市中正區北寧路369巷27-3號', '朱英連', '02-4691518', '資處'),
('10504', '何思穎', '2002-08-16', 'A226918671', '基隆市安樂區安一路100 巷186號', '陳翰嬌', '02-4237752', '資處'),
('10505', '余雪莉', '2002-07-07', 'C221023802', '基隆市七堵區堵南里溪頭街23號', '余和睦', '02-4514263', '資處'),
('10506', '吳佳佳', '2002-07-08', 'F224418146', '台北縣瑞芳鎮大埔路231號', '吳信弘', '02-4578084', '資處'),
('10507', '吳嘉惠', '2002-05-20', 'C220933881', '基隆市暖暖區過港路154號1F', '吳錦德', '02-4571354', '資處'),
('10508', '呂欣玲', '2002-04-24', 'C220886618', '基隆市中正區北寧路349-1號', '呂順發', '02-4694377', '資處'),
('10509', '李千怡', '2002-01-04', 'C220971612', '基隆市信義區信二路101號之4,4樓', '李新田', '02-4239773', '資處'),
('10510', '李秀容', '2002-09-18', 'F224416320', '台北縣瑞芳鎮建基路2段116號', '李賜宗', '02-4971685', '資處'),
('10511', '李香君', '2002-02-07', 'P222372206', '基隆市中正區信六路12號2F', '李民意', '02-4280427', '資處'),
('10512', '李嘉容', '2001-12-02', 'C221021906', '基隆市七堵區大華一路78號', '李武雄', '02-4565210', '資處'),
('10513', '李憶萍', '2002-04-04', 'C221017439', '基隆市安樂區安和一街4巷12號2F', '李聰明', '02-4315123', '資處'),
('10514', '林秀玲', '2002-07-28', 'F223269210', '台北縣汐止鎮大同路2段202號7F', '林龍昌', '02-6472223', '資處'),
('10515', '林秀娟', '2002-07-28', 'F223269229', '台北縣汐止鎮大同路2段202號7F', '林龍昌', '02-6472223', '資處'),
('10516', '林依婷', '2001-11-08', 'F228350225', '台北縣瑞芳鎮中央路48巷4 號1F吉祥', '林新勇', '02-4571667', '資處'),
('10517', '林佳瑩', '2001-10-13', 'C220882709', '基隆市中正區和一路84巷20弄65號', '林坤祥', '02-4632095', '資處'),
('10518', '林怡亭', '2002-02-09', 'N223361519', '基隆市暖暖區東勢街6-34號', '林春烈', '02-4570919', '資處'),
('10519', '林雨欣', '2002-05-25', 'F224541131', '汐止鎮汐萬路二段66巷63弄6號', '林永源', '02-6463941', '資處'),
('10520', '洪圓惠', '2002-11-02', 'C220890247', '基隆中正路750號', '洪順義', '02-4628151', '資處'),
('10521', '胡秀芬', '2002-03-04', 'C220932508', '台北縣瑞芳鎮大埔路115巷26-3號', '胡明輝', '02-4573874', '資處'),
('10522', '胡  涵', '2002-01-11', 'C220931430', '基隆市西定路239號3F', '胡守義', '02-4265636', '資處'),
('10523', '倪偉齡', '2002-04-09', 'C220973938', '台北縣汐止鎮水源路1段286號2F', '倪品山', '02-4224375', '資處'),
('10524', '張心怡', '2001-10-09', 'C220929485', '基隆市仁愛區南榮路121號5F', '張德煌', '02-4238022', '資處'),
('10525', '張永安', '2002-09-19', 'F224416302', '台北縣瑞芳鎮逢甲路330號', '張基珍', '02-4971879', '資處'),
('10526', '張惟琇', '2001-11-30', 'A225279497', '基隆市信義區東信路258巷31-4號5F', '張捷隆', '02-4656341', '資處'),
('10527', '張喬后', '2002-01-29', 'C221016692', '基隆市安和一街131巷 12之2號', '張榮文', '02-4328909', '資處'),
('10528', '張麗梅', '2001-02-03', 'C220884810', '基隆市中正區北寧路369巷43號', '張朝福', '02-4692059', '資處'),
('10529', '許瓊如', '2002-03-22', 'C220932802', '基隆市仁愛區南路337號', '許朝枝', '02-4270612', '資處'),
('10530', '陳玉梅', '2002-06-29', 'A225022783', '台北縣汐止鎮公園路10號', '林金連', '02-6411082', '資處'),
('10531', '陳亦潔', '2002-08-09', 'C220935858', '基隆市七堵區福二街204之4號', '陳美雲', '02-4512482', '資處'),
('10532', '陳長怡', '2002-03-16', 'C220885791', '基隆市安樂區安和一街6巷46-4號5F', '陳士清', '02-4316796', '資處'),
('10533', '陳音如', '2001-12-11', 'C220931056', '基隆市七堵區大華一路34-3號1F', '陳連東', '02-4561878', '資處'),
('10534', '陳曉琳', '2002-01-16', 'C220884927', '基隆市七堵區崇孝街71號之3四樓', '陳萬枝', '02-4563290', '資處'),
('10535', '陳錦儒', '2001-09-23', 'F224412493', '台北縣瑞芳鎮瑞興新村12巷11號', '陳東興', '02-4968686', '資處'),
('10536', '陳靜華', '2002-07-25', 'F224417425', '台北縣瑞芳鎮大埔路有勝二村6號4F', '陳金城', '02-4578171', '資處'),
('10537', '陳麗玲', '2002-01-07', 'C220959205', '基隆市中山區西定路368巷22號2F', '陳清溪', '02-4264981', '資處'),
('10538', '陳麗涵', '2001-10-15', 'C220884534', '基隆市中正區中正路51號', '陳耀明', '02-4222695', '資處'),
('10539', '曾雪如', '2002-07-30', 'C220963905', '基隆市仁愛區南榮路117巷35弄12之3', '曾燕魁', '02-4228110', '資處'),
('10540', '楊佩芬', '2002-10-03', 'C220936515', '基隆市安樂區樂利三街34巷10號', '楊達明', '02-4335864', '資處'),
('10541', '楊惠晴', '2002-04-05', 'C220845055', '基隆市中正區正義路29巷14號1F', '楊福雄', '02-4241812', '資處'),
('10542', '楊瑞婷', '2002-03-02', 'M221531058', '基隆市中正區祥豐街68巷306號', '楊介吾', '02-4623046', '資處'),
('10543', '楊嘉琪', '2002-06-12', 'C220972842', '基隆市東明路55巷12號4F', '楊坤清', '02-4662043', '資處'),
('10544', '葉素鳳', '2002-07-18', 'F224417345', '台北縣瑞芳鎮三爪子路69巷14號4F', '葉政宗', '02-4960256', '資處'),
('10545', '葉曉芬', '2001-12-11', 'C220931038', '基隆市仁愛區南新街218-1 號2F', '葉雲庚', '02-4283850', '資處'),
('10546', '葉鈺玟', '2001-12-05', 'D221550341', '基隆市七堵區百六街23號4F', '葉澤田', '02-4516208', '資處'),
('10547', '詹宜敏', '2002-03-12', 'F224116594', '基隆市中山區中山一路35巷15號3F', '詹簡碧', '02-4278447', '資處'),
('10548', '歐亦文', '2002-06-22', 'F228897009', '台北縣瑞芳鎮建基路弘祥新村1段2號', '柯滿', '02-4970998', '資處'),
('10549', '蔡曉琪', '2001-11-28', 'C220883751', '基隆市中正區新豐街161巷75號3F', '蔡神舜', '02-4693477', '資處'),
('10550', '賴怡芳', '2002-01-23', 'C220884598', '基市安樂區樂利三街28巷27-2號3F', '賴宗成', '02-4321092', '資處'),
('10551', '賴書敏', '2002-10-09', 'C221001753', '基隆市中山區中山二路32號', '簡銀女', '02-4233128', '資處'),
('10552', '謝巧真', '2002-02-27', 'C220959929', '基隆市新西街89巷47之2號3F', '謝總成', '02-4247115', '資處'),
('10553', '謝曼雯', '2001-10-28', 'C220941794', '基隆市安樂區樂利三街30巷4號', '謝清泉', '02-4314294', '資處'),
('10554', '鍾慧玉', '2002-08-08', 'F223266111', '台北縣平溪鄉十分街202號', '鐘榮富', '02-4958535', '資處'),
('10555', '余詩萍', '2002-02-19', 'A225184984', '台北縣瑞芳鎮瑞濱路93號', '余雅雄', '02-4977703', '資處'),
('10601', '方佳怡', '2002-09-20', 'C221024998', '基隆市安樂區安一路166-3 號4F', '方聖寬', '02-4237541', '幼保'),
('10602', '方嘉瑋', '2001-06-25', 'A224997478', '基隆市信義區信二路224巷3號', '謝蓮琴', '02-4227371', '幼保'),
('10603', '王君怡', '2002-06-20', 'F224116923', '基隆市中正區正義路2巷46 號1F', '廖寶琴', '02-4231279', '幼保'),
('10604', '王靜瑩', '2002-07-27', 'V221198005', '台北縣汐止鎮復興路37號', '王明雄', '02-6439784', '幼保'),
('10605', '白怡珊', '2002-03-08', 'C220309465', '基隆市暖暖區寧靜街151-28號1F', '白志士', '02-4574027', '幼保'),
('10606', '白錦芳', '2002-08-09', 'F228344423', '台北縣瑞芳鎮瑞竹路59號', '白三源', '02-4578128', '幼保'),
('10607', '何淑穎', '2002-07-21', 'C220934995', '基隆市仁愛區愛四路3-1號', '何明賢', '02-4282370', '幼保'),
('10608', '何筱慧', '2001-10-12', 'C220596771', '基隆市中山區文化路50巷1 弄6號1F', '張月嬌', '02-4264657', '幼保'),
('10609', '吳佳玲', '2002-09-20', 'C220888863', '基隆市中正區中船路112巷30弄12號', '吳春松', '02-4273279', '幼保'),
('10610', '呂雅惠', '2001-04-09', 'F224103373', '台北縣瑞芳鎮民權街12巷25號', '呂勝芳', '02-4966522', '幼保'),
('10611', '李燕鈴', '2002-05-25', 'F223206606', '台北縣瑞芳區傑魚坑路271 號', '李份來', '02-4974868', '幼保'),
('10612', '林君美', '2001-02-14', 'V221037464', '基隆市七堵區明德一路2巷21號5F', '林金玉', '02-4551181', '幼保'),
('10613', '林宜慧', '2002-03-03', 'C221017117', '基隆市七堵區百六街107巷18號3樓', '林信次', '02-4513262', '幼保'),
('10614', '林淑芬', '2002-09-13', 'F225058019', '台北縣平溪鄉十分街34號', '林松進', '02-4958551', '幼保'),
('10615', '邵家萱', '2001-12-18', 'C220959394', '基隆市七堵區實踐路294巷8號1F', '邵成富', '02-4515824', '幼保'),
('10616', '許怡芬', '2001-09-16', 'C221049191', '基隆市中山區西定路351號2F', '許黃水', '02-4246747', '幼保'),
('10617', '許筑伶', '2002-06-17', 'H222322416', '基隆市安樂區安樂路一段266號2F', '許勝賢', '02-4244999', '幼保'),
('10618', '許雅琳', '2002-06-14', 'F224541462', '台北縣汐止鎮忠孝東路234 號2F', '許三奇', '02-6417527', '幼保'),
('10619', '陳百合', '2002-12-27', 'C220890792', '基隆市中正區新丰街251巷10弄8號', '陳榮煌', '02-4693569', '幼保'),
('10620', '陳春梅', '2002-02-11', 'C220309349', '基隆市中正區和一路58巷23號5F', '陳瑞源', '02-4628033', '幼保'),
('10621', '陳淑秋', '2001-11-11', 'G221242981', '宜蘭縣頭城鎮大溪里仁澤新村2號', '陳長波', '039-781717', '商經'),
('10622', '陳淑娟', '2002-07-18', 'C221024050', '基隆市七堵區大同街21號', '陳瑞榮', '02-4565527', '幼保'),
('10623', '陳嘉燕', '2002-09-26', 'C220963736', '基隆市安樂區基金一路208 巷18號', '陳阿生', '02-4310943', '幼保'),
('10624', '曾賜華', '2002-07-14', 'C221023928', '基隆市中正區和一路127號', '曾國權', '02-4625239', '幼保'),
('10625', '游麗玲', '2001-10-10', 'F224412313', '基隆市中正區中正路702號 之2三樓', '游文進', '02-4620301', '幼保'),
('10626', '黃莉萍', '2002-09-06', 'G221446158', '基隆市中正區正濱路26巷22號', '黃松輝', '02-4620615', '幼保'),
('10627', '黃筱怡', '2002-04-21', 'c220953445', '基隆市武隆街144號3樓', '黃秋欽', '02-4323684', '幼保'),
('10628', '楊雅雯', '2002-08-23', 'C220936631', '基隆市信義區培德路7巷25 號3F', '楊文德', '02-4657141', '幼保'),
('10629', '楊麗琴', '2001-11-28', 'E223099351', '基隆市中正區漁港三街106 號5F', '楊三益', '02-4695688', '室布'),
('10630', '鄒慧蘭', '2002-03-11', 'C220980899', '基隆市仁愛區愛五路6巷46 號', '鄒寬永', '02-4253628', '幼保'),
('10631', '廖苑君', '2002-02-05', 'C221016647', '基隆市七堵區開元路102-4 號', '廖添福', '02-4563321', '幼保'),
('10632', '劉亦芳', '2002-08-05', 'C220974202', '基隆市信義區信二路74巷18號', '劉坤銘', '02-4201911', '幼保'),
('10633', '劉雅芳', '2002-08-16', 'F223266193', '台北縣平溪鄉十分街215號', '劉榮華', '02-4958060', '幼保'),
('10634', '蔡佩君', '2002-08-24', 'C220845751', '基隆市暖暖區水源路9-9號2F', '蔡兩傳', '02-4572038', '幼保'),
('10635', '蔡郁鈴', '2002-08-16', 'F223694795', '台北縣萬里鄉瑪鍊路2號3F', '蔡崇煌', '02-4921916', '幼保'),
('10636', '蕭卓葳', '2002-08-06', 'C220974480', '基隆市信義區培德路2巷32 號5F', '蕭培興', '02-4658603', '幼保'),
('10637', '謝佳琪', '2000-07-29', 'F224087972', '台北縣金山鄉金包里街73號', '謝清河', '02-4981806', '幼保'),
('10638', '謝孟君', '2002-08-18', 'C220944508', '基隆市中山區中山1路241巷20號', '謝德和', '02-4230795', '幼保'),
('10639', '謝婷婷', '2002-01-16', 'F224408006', '台北縣金山鄉磺港路26號', '謝明全', '02-4982994', '幼保'),
('10640', '謝詩平', '2001-10-12', 'F223265285', '台北縣瑞芳鎮三爪子坑64-10號1F', '林阿涼', '02-4970812', '幼保'),
('10641', '簡曉君', '2001-11-23', 'C220958628', '基隆市安樂區安一路278巷62弄69號', '簡佳銘', '02-4238592', '幼保'),
('10642', '簡琬珊', '2001-11-14', 'C220934280', '基隆市仁愛區愛五路10巷3 號', '簡寬忠', '02-4233529', '幼保'),
('10643', '魏曉琦', '2002-08-28', 'C220889011', '基隆市中正區祥豐街71號3F', '魏聯祥', '02-4620872', '幼保'),
('10644', '羅惠琳', '2001-10-28', 'C220882996', '基隆市中山區復興212巷21 弄69號', '羅阿財', '02-4376182', '幼保'),
('10645', '許秀雅', '2002-06-24', 'F223694651', '基隆市中正區中正路182巷33-1號', '許景仁', '02-4286086', '幼保'),
('10646', '高鈺淳', '2001-08-24', 'C220728577', '基隆市南榮路86號2F', '陳秀美', '02-4278847', '幼保'),
('10647', '卓憶萍', '2002-01-29', 'F227812146', '北縣雙溪鄉共和村中山路30號', '卓周文三', '02-4931325', '幼保'),
('10648', '廖尹華', '2001-02-20', 'F224424402', '北縣汐止鎮和平街6巷5弄11號3F', '廖國隆', '02-6413941', '幼保'),
('10701', '王淑如', '2001-09-28', 'C220952993', '基隆市中山區仁安街53巷8 之1號', '王金塗', '02-4275487', '幼保'),
('10702', '王嘉雯', '2002-10-18', 'F224415556', '台北縣瑞芳鎮海濱路162號', '王深淵', '02-4976061', '幼保'),
('10703', '江佳玲', '2002-07-23', 'C220961965', '基隆市崇德路105號', '江慶良', '02-4276443', '幼保'),
('10704', '江蕙如', '2002-01-13', 'C220944277', '基市中山區中山一路241巷94號', '江炳坤', '02-4233372', '幼保'),
('10705', '江蕾苑', '2001-07-17', 'C221020052', '基隆市七堵區福二街154巷18號4樓', '江新居', '02-4511754', '幼保'),
('10706', '何婉菱', '2002-04-14', 'C220886396', '基隆市中正路630號', '何坤弟', '02-4621280', '幼保'),
('10707', '吳玉純', '2002-05-12', 'C220973689', '基隆市中正區平三路21號3F', '吳阿樹', '02-4622411', '幼保'),
('10708', '吳欣蕙', '2002-01-30', 'F224417925', '台北縣瑞芳鎮三爪坑路91巷22號', '吳錦淵', '02-4966962', '幼保'),
('10709', '宋春蘭', '2002-07-05', 'C220845420', '基隆市暖暖街275號2F', '宋金隆', '02-4574770', '幼保'),
('10710', '李家妮', '2001-11-26', 'C220930675', '台北縣土城市忠義路55巷5 號3F', '李淑', '02-2605665', '幼保'),
('10711', '李靜蘋', '2002-05-28', 'C220973732', '基隆市信義區義三路4巷31 號', '李文智', '02-4262482', '幼保'),
('10712', '沈美桂', '2002-08-09', 'C220962293', '基隆市安樂區樂利三街34巷18號', '游阿雲', '02-4312553', '幼保'),
('10713', '林玉珊', '2001-09-22', 'C220929574', '基隆市樂利三街263巷19弄33號底層', '林忠', '02-4335081', '幼保'),
('10714', '林玉菁', '1999-02-16', 'C220903589', '基隆市七堵區明德一路98-4號', '林基隆', '02-4564603', '幼保'),
('10715', '林若男', '2002-06-05', 'C220961894', '基隆市中山區西定路51號4F', '林宗輝', '02-4295626', '幼保'),
('10716', '邵馨怡', '2002-01-01', 'C220972217', '基隆市信義區東信路154巷7-3號4F', '王菊嵊', '02-4650898', '幼保'),
('10717', '徐玉真', '2002-09-16', 'C220936079', '基隆市仁愛區仁二路137巷64號', '徐清吉', '02-4247913', '幼保'),
('10718', '徐宛華', '2002-05-25', 'F224408211', '台北縣金山鄉中山路263巷9號4F', '徐聰明', '02-4985626', '幼保'),
('10719', '張玫芳', '2001-12-16', 'C220931476', '基隆安樂區定國路119巷21 號', '張兆亮', '02-4272859', '幼保'),
('10720', '張淑瑛', '2002-05-21', 'C220886823', '基隆市中正路119巷15弄3號', '張志鵬', '02-4628032', '幼保'),
('10721', '許美玲', '1999-10-23', 'E222337370', '基隆信義區東光路4-5號底 層樓', '許謝金燧', '02-4661299', '幼保'),
('10722', '連雯琪', '2001-10-25', 'F224412608', '基隆市西定路定國街125號', '連沈月里', '02-4254929', '幼保'),
('10723', '郭舒盈', '2002-06-06', 'F224416660', '台北縣瑞芳鎮中山路46號', '郭松江', '02-4972314', '幼保'),
('10724', '陳佩茹', '2001-06-17', 'F224534109', '台北縣汐止鎮忠孝東路451 號3樓', '陳麗芬', '02-6487313', '幼保'),
('10725', '陳芷琳', '2002-02-09', 'C220959769', '基隆市安樂區武嶺街240-2 號3F', '陳金鐘', '02-4310872', '幼保'),
('10726', '陳婉如', '2002-02-21', 'C221016843', '基隆市麥金路421巷103-2號3F', '陳武華', '02-4314728', '幼保'),
('10727', '陳惠瑜', '2002-07-14', 'F224883456', '台北縣汐止鎮汐萬路一段134號', '陳日成', '02-6414482', '幼保'),
('10728', '陳雅鳳', '2002-03-17', 'F224407750', '台北縣金山鄉磺港村31號', '陳武雄', '02-4983233', '幼保'),
('10729', '陳嘉玲', '2001-08-15', 'F223265105', '台北縣平溪鄉新寮村3號', '陳慶福', '02-4958351', '幼保'),
('10730', '曾慧琪', '2002-08-08', 'C220935287', '基隆市中正區正義路2巷46 號1F', '曾象雄', '02-4231279', '幼保'),
('10731', '游梅貴', '2002-06-28', 'C220934413', '基隆市暖暖區暖暖街610巷17號4F', '游文科', '02-4570286', '幼保'),
('10732', '黃惠玲', '2002-01-10', 'F224407806', '台北縣金山鄉和平街1號3F', '黃色雄', '02-4986334', '幼保'),
('10733', '黃雅君', '2002-09-08', 'G221455317', '基隆市中正區新丰街161巷126號2F', '林彝香', '02-4694566', '幼保'),
('10734', '黃嘉琳', '2002-06-11', 'C220953552', '基隆市中山區西定路57號2F', '黃秋山', '02-4260818', '幼保'),
('10735', '楊雲婷', '2002-04-12', 'C220960637', '基隆市安樂區新西街57巷21號', '楊阿日', '02-4263256', '幼保'),
('10736', '楊德芳', '2002-06-12', 'C220887213', '基隆市中正區平一路320-3 號', '楊明富', '02-4625924', '幼保'),
('10737', '楊琇雯', '2002-11-16', 'C221001968', '基隆市中山區中山二路一巷53號', '楊進富', '02-4255976', '幼保'),
('10738', '劉佩琳', '2002-04-08', 'C220973796', '基隆市培德路139號', '劉謝萍', '02-4654736', '幼保'),
('10739', '劉婉菁', '2001-09-28', 'T222550277', '基隆市中山區中華路1巷2號', '黃香筑', '02-4234146', '幼保'),
('10740', '潘曉甄', '2001-10-10', 'N223420915', '台北縣萬里鄉瑪鍊路5-4號2F', '潘阿萬', '02-4922315', '幼保'),
('10741', '蔡嘉琳', '2001-09-30', 'F223693136', '台北縣萬里鄉成功新村66號', '蔡政雄', '02-4922329', '幼保'),
('10742', '鄭筱穎', '2002-09-11', 'C220936177', '基隆市仁愛區劉銘傳路95巷1-1號2樓', '鄭志誠', '02-4254994', '幼保'),
('10743', '盧佳昕', '2000-02-10', 'C220856923', '基隆市仁一路95巷29號2F', '盧重典', '02-4280672', '幼保'),
('10744', '盧思婷', '2002-02-16', 'F224419992', '台北縣瑞芳鎮傑魚坑路217 號之1', '盧建村', '02-4974743', '幼保'),
('10745', '賴秀珍', '2001-09-03', 'F224406048', '台北縣金山鄉半嶺路58號', '賴輝次', '02-4985692', '幼保'),
('10746', '賴意欣', '2002-10-05', 'F223269587', '基隆市安樂區定國街11巷14號', '賴明山', '02-4266601', '幼保'),
('10747', '藍秀萍', '2002-09-07', 'F224408800', '台北縣金山鄉中正路65號2F', '藍田', '02-4983032', '幼保'),
('10801', '尤蓁齡', '2002-02-09', 'C220932606', '基隆市中山區西定路308號', '尤奄能', '02-4287226', '幼保'),
('10802', '王中慧', '2002-08-16', 'C221024603', '基隆市東碇路366號2F', '蔡貽立', '02-4259126', '幼保'),
('10803', '王沛文', '2002-01-09', 'F224777695', '基隆市暖暖區暖碇路15巷26號', '陸瑞鳳', '03-3833704', '幼保'),
('10804', '王欣雅', '2002-02-25', 'C220960084', '基隆市信義區正信路175巷8號', '吳玉蘭', '02-4655316', '幼保'),
('10805', '王慧薰', '2001-12-11', 'C221001271', '基隆市中山區中山二路107 巷94號', '王培盛', '02-4238378', '幼保'),
('10806', '白婉如', '2001-12-16', 'C221024710', '基隆七堵區崇信街41巷4-1 號2F', '白勝毅', '02-4566607', '幼保'),
('10807', '石郁庭', '2002-04-15', 'C220944357', '基隆市安樂區定國街119巷5號', '石北海', '02-4262342', '幼保'),
('10808', '朱意琳', '2002-01-16', 'A223365776', '基隆市七堵區實踐路112號5F', '朱振富', '02-4511275', '幼保'),
('10809', '江文泙', '2002-04-05', 'C220960584', '基隆市安樂路一段69巷36號4F', '江蔡麗華', '02-4315894', '幼保'),
('10810', '何淑婷', '2002-01-13', 'F224541873', '基隆市信義區東明路114號', '何明麟', '02-4652808', '幼保'),
('10811', '余詩萍', '2002-02-19', 'A225184984', '台北縣瑞芳鎮瑞濱路93號', '余雅雄', '02-4977703', '幼保'),
('10812', '周昱呈', '2002-08-07', 'C221024087', '基隆市中山區西定路110巷3號', '周炳煌', '02-4281730', '幼保'),
('10813', '林欣璇', '2002-08-17', 'C220935974', '基隆市七堵區福五街85巷44號1F', '林國棟', '02-4517620', '幼保'),
('10814', '林湘儀', '2002-10-15', 'C220936793', '基隆市信義區東信路55巷24-2號3F', '林國雄', '02-4655539', '幼保'),
('10815', '林雅惠', '1999-11-08', 'F223688377', '台北縣金山鄉鉋里街24號', '林明珠', '02-4982021', '幼保'),
('10816', '林雅琳', '2001-10-22', 'C221021531', '基隆市七堵區崇智街35巷10-7號4F', '林順能', '02-4565040', '幼保'),
('10817', '林詩儀', '2002-01-09', 'C220972048', '基隆市信義區月眉路65巷64號', '林天來', '02-4659785', '幼保'),
('10818', '林麗如', '2002-02-05', 'C221016567', '基隆市七堵區實踐路128-2 號3F', '林文良', '02-4511076', '幼保'),
('10819', '林姵吟', '2002-06-02', 'C220934146', '基隆市仁愛區南新街20-1號2F', '林昌盛', '02-4242243', '幼保'),
('10820', '邱佩萱', '2002-03-11', 'C220885666', '基隆市安和一街6 巷55-2號3F', '邱德發', '02-4312719', '幼保'),
('10821', '邱惠君', '2002-07-25', 'C220934959', '基隆市祥豐街431之4號5F', '邱孟哲', '02-4627910', '幼保'),
('10822', '柯雅莉', '2002-06-25', 'F223694660', '基隆市中正區義二路215號4F', '柯坤霖', '02-4263451', '幼保'),
('10823', '徐曉馨', '2002-04-29', 'F224068306', '基隆市安樂區安樂路2段166巷58號1F', '徐正隆', '02-4313556', '幼保'),
('10824', '張美玲', '2002-07-23', 'F223694679', '台北縣萬里區加投路158號', '張蒼田', '02-4981872', '幼保'),
('10825', '許可欣', '0000-00-00', 'A224705489', '基隆市暖暖區源遠路152巷15號14F', '許培禎', '02-4572246', '幼保'),
('10826', '許秀燕', '2002-03-05', 'C220972557', '北縣瑞芳鎮三爪子坑路69巷15-2號3F', '許義郎', '02-4979480', '幼保'),
('10827', '許佳雯', '2002-09-16', 'F224090031', '台北縣萬里鄉野柳村港東路71號4F', '許春生', '02-4922608', '幼保'),
('10828', '陳甫美', '2002-07-31', 'C220935152', '基隆市仁愛區南榮路319巷19號', '陳再壽', '02-4277780', '幼保'),
('10829', '陳靜苓', '2002-01-08', 'F224630651', '基隆市基金2路3巷11-8號', '陳虞村', '02-4322703', '幼保'),
('10830', '黃菲雯', '2002-06-08', 'F224417649', '台北縣瑞芳鎮瑞興新村12巷2號4F', '黃朝福', '02-4977792', '幼保'),
('10831', '黃雅琳', '2002-10-25', 'C220865235', '基隆市信義區信二路25-2號3F', '黃文正', '02-4232924', '幼保'),
('10832', '溫宛真', '2001-12-30', 'C221022127', '基隆市七堵區溪頭街24-3號4F', '溫榮貴', '02-4513675', '幼保'),
('10833', '詹惠茹', '2001-11-29', 'C220930657', '基隆市中山區中山一路113 巷81號', '蘇淑芳', '02-4239573', '幼保'),
('10834', '劉珊珊', '2002-11-08', 'C221001799', '基隆市中山區中山二路51巷171-1號', '劉岳鐘', '02-4255170', '幼保'),
('10835', '蔡秋琴', '2001-10-23', 'C221052410', '基隆市安樂區定國街11巷39號', '蔡依維', '02-4266643', '幼保'),
('10836', '鄭文雅', '2001-10-23', 'C220929869', '基隆安樂區安和一街129巷6-3號4F', '鄭銘鐘', '02-4322516', '幼保'),
('10837', '盧怡慈', '2002-07-04', 'F224744123', '台北縣淡水鎮屯山里石頭厝17-2號', '盧文', '02-8010287', '幼保'),
('10838', '蕭秀鳳', '2002-01-22', 'F224418502', '台北縣瑞芳鎮東和路63號1F', '郭月娥', '02-4960270', '幼保'),
('10839', '簡鈺霞', '2002-06-19', 'C220887982', '基隆安和一街4巷47號', '簡幸福', '02-4319792', '幼保'),
('10840', '羅小芬', '2002-07-21', 'L222978509', '台北縣金山鄉仁愛路67巷9 號3F', '丁春菅', '02-4986214', '幼保'),
('10841', '羅彩鳳', '2001-09-24', 'C220882441', '基隆市安樂區崇德路10巷38-37號2F', '羅治雄', '02-4256196', '幼保'),
('10842', '蘇修吟', '2002-07-24', 'C220961992', '基隆市安樂區樂一路76巷11號', '蘇則亮', '02-4252836', '幼保'),
('10843', '何筱慧', '2001-10-12', 'C220596771', '基隆市中山區文化路50巷1 弄6號1F', '張月嬌', '02-4264657', '幼保'),
('10901', '王琇怡', '2002-09-13', 'C220974864', '基隆市安樂區崇德路218-12號3F', '王萬福', '02-4279637', '美容'),
('10902', '江琬鈺', '2002-01-06', 'C221022403', '基隆市安樂區麥金路458號 之4五樓', '江仲信', '02-4335533', '美容'),
('10903', '吳美芳', '2002-02-26', 'H222323664', '台北縣萬里鄉仁五路3號3F', '吳新章', '02-4925229', '美容'),
('10904', '吳雅貞', '2002-03-05', 'C220932562', '基隆市仁愛區復興街50巷23號', '吳朝玉', '02-4285231', '美容'),
('10905', '呂婉禎', '2002-09-04', 'C220962613', '基隆市安樂區崇德路85-12 號地下2F', '呂明正', '02-4246535', '美容'),
('10906', '沈芳儀', '2001-07-23', 'C220957023', '基隆市中山區西定路453號', '沈期昆', '02-4242097', '美容'),
('10907', '林玉茹', '2002-09-26', 'F224090951', '基隆市仁愛區成功路67巷31號3樓', '林文科', '02-4318166', '美容'),
('10908', '林麗婷', '2002-10-26', 'F225058091', '台北縣平溪鄉菁桐村二坑4 號', '林火樹', '02-4951570', '美容'),
('10909', '邵秀瑩', '2001-12-05', 'C220958888', '基隆市仁愛區愛五路4-1號2樓', '邵永進', '02-4285139', '美容'),
('10910', '邱怡雯', '2002-05-27', 'C220845304', '基隆市暖暖區碇內街160巷4號', '顧金李', '02-4574877', '美容'),
('10911', '施文琪', '2002-03-29', 'C220562266', '基隆市樂利三街110號 4F', '施德銘', '02-4316105', '美容'),
('10912', '施忞燕', '2002-03-23', 'R222844530', '基隆市信義區義七路19號4F', '謝秀靜', '02-4224708', '美容'),
('10913', '倪佳詩', '2001-12-21', 'C220930997', '基隆市仁愛區獅球路48巷55號', '倪武龍', '02-4336325', '美容'),
('10914', '徐慧怡', '2002-04-07', 'K221439281', '基隆市安和一街二巷22-5號6F', '徐火龍', '02-6212902', '美容'),
('10915', '高惠名', '2002-08-01', 'C220937076', '基隆市仁愛區復興街117巷13號2樓', '高清和', '02-4231378', '美容'),
('10916', '高瑞欣', '2001-11-26', 'V221038836', '基隆市中正區新丰街327巷2號', '高勤努', '02-4693354', '美容'),
('10917', '張玉萍', '2002-01-10', 'C221022261', '基隆市七堵區六堵里工建路42號', '張秋揚', '02-4510695', '美容'),
('10918', '張惠瑩', '2002-10-14', 'C221025324', '基隆市七堵區大華一路57巷11-2號3F', '張連興', '02-4551392', '美容'),
('10919', '曹依婷', '2002-10-11', 'F225250728', '台北縣瑞芳鎮瑞竹路12號2F', '曹金生', '02-4573797', '美容'),
('10920', '莊欣妮', '2002-01-28', 'G221244092', '基隆市中山區通仁路20巷46號', '莊王美華', '02-4230461', '美容'),
('10921', '許嘉玲', '2002-07-27', 'F224117055', '台北縣貢寮鄉延平街69號', '許春生', '02-4901172', '美容'),
('10922', '陳欣怡', '2002-08-14', 'C220936739', '基隆市仁四路19巷27號4F', '郭美鈴', '02-4323946', '美容'),
('10923', '陳彥蓉', '2002-09-19', 'M221586446', '基隆市七堵區開元路102-1 號2F', '陳鎬', '02-4567307', '美容'),
('10924', '陳柏楨', '2002-04-08', 'F224413392', '基隆市暖暖區源遠路249巷11-2號3F', '陳金德', '02-4572735', '美容'),
('10925', '陳慧玲', '2001-11-20', 'C220883822', '基隆市中正區調和街17-8號3F', '陳文田', '02-4691790', '美容'),
('10926', '陳蕙敏', '2002-05-27', 'C220948524', '基隆市中山區中華路167巷13-3號', '張玉嬌', '02-4286212', '美容'),
('10927', '游純慧', '2001-10-14', 'C220929565', '基隆市仁愛區龍安街340號', '游進寶', '02-4232499', '美容'),
('10928', '游雅君', '2001-10-10', 'C221021013', '基隆市暖暖區八堵路31巷1 號3F', '游清漢', '02-4570712', '美容'),
('10929', '黃伶樺', '2002-04-04', 'F224408015', '台北縣金山鄉仁愛路67巷14號3F', '黃俊湧', '02-4988057', '美容'),
('10930', '黃淑珍', '2002-05-11', 'C220973876', '基隆市安和一路131巷11弄4號5F', '黃  書', '02-4322536', '美容'),
('10931', '楊惠如', '2002-01-24', 'F224116245', '台北縣貢寮街128號', '楊平郎', '02-4941300', '美容'),
('10932', '詹文琪', '2002-06-03', 'F224541202', '台北縣汐止鎮水源路1段185號', '詹園', '02-6427938', '美容'),
('10933', '劉怡琴', '2001-10-23', 'F224413641', '基隆市仁愛區劉銘傳路110 巷34號2F', '劉啟輝', '02-4272209', '美容'),
('10934', '蔡汶琪', '2002-01-30', 'F223693850', '台北縣萬里鄉港東路177號1F', '蔡游桂花', '02-4921744', '美容'),
('10935', '蔡惠茹', '2002-09-13', 'F224883714', '台北縣汐止鎮福德一路102 巷16號', '蔡正宗', '02-6941388', '美容'),
('10936', '賴鈺婷', '2002-02-25', 'G221477804', '台北縣汐止鎮樟樹一路123-2號1F', '賴兒燎', '02-6473809', '美容'),
('10937', '戴佩純', '2002-04-21', 'G221196215', '基隆市中正路518號', '戴祈財', '02-4623381', '美容'),
('10938', '謝雯菁', '2001-09-22', 'F224638568', '基隆市安樂區樂利二街26號1樓', '謝寶根', '02-4315522', '美容'),
('10939', '謝愷莉', '2002-03-29', 'C220933069', '基隆市仁愛區復興街105巷1號', '呂玉書', '02-4234590', '美容'),
('10940', '簡聖芳', '2002-06-14', 'C220973778', '基隆市教孝街七巷29號', '簡興益', '02-4653019', '美容'),
('10941', '顏嘉慧', '2002-01-13', 'C221022396', '基隆市麥金路437巷7號1F', '顏林金玉', '02-4314538', '美容'),
('10942', '李欣怡', '2002-02-10', 'F224407492', '台北縣金山鄉仁愛路51號1F', '李雄', '02-4984686', '美容'),
('11001', '王利光', '2002-07-28', 'C220936346', '基隆市仁愛區龍安街94號', '王明達', '02-4321631', '美容'),
('11002', '王芳祺', '2002-10-22', 'F224069107', '台北縣石門鄉石門街29號5F', '王正池', '02-6382102', '美容'),
('11003', '江雅嵐', '2002-08-01', 'C220845555', '基隆市暖暖區八堵路28號', '江龍竹', '02-4581940', '美容'),
('11004', '吳文怡', '2002-06-21', 'C220973321', '基隆市信義區月眉路250巷19 號', '吳勝和', '02-4651852', '美容'),
('11005', '吳佳芳', '2000-10-24', 'C220922566', '基隆市深澳坑路168巷50弄7號4F', '吳輝龍', '02-5077981', '美容'),
('11006', '吳桂綾', '2002-05-04', 'F224540606', '北縣汐止鎮大同路2段687巷23弄2號', '吳財團', '02-6434642', '美容'),
('11007', '李怡珊', '2002-07-23', 'F224117797', '台北縣貢寮鄉新港街26巷21弄3號2F', '李明雄', '02-4901985', '美容'),
('11008', '李靖怡', '2002-08-22', 'C222623218', '台北縣汐止鎮仁愛路119巷19號四樓', '李勝龍', '02-6479455', '美容'),
('11009', '沈素惠', '2002-08-04', 'F224417201', '台北縣瑞芳鎮建基路2段97 號', '沈萬生', '02-4975894', '美容'),
('11010', '汪雅苓', '2002-01-29', 'C220959492', '基隆市東信路35巷159號1F', '汪總富', '02-4655941', '美容'),
('11011', '林依雲', '2002-11-11', 'F223269756', '台北縣雙溪鄉牡丹村233號', '林水木', '02-4934372', '美容'),
('11012', '林佳靜', '2002-07-18', 'C220888050', '基隆市信義區培德路59號之1,5樓', '林明端', '02-4656789', '美容'),
('11013', '林淑梅', '2002-01-05', 'C220884516', '基隆市和一路二巷9-5號', '高崇武', '02-4621993', '美容'),
('11014', '林曉燕', '2002-06-10', 'F223694508', '台北縣萬里鄉港西路56-3號2F', '林宗興', '02-4923628', '美容'),
('11015', '金心怡', '2001-03-20', 'C220839539', '基隆市祥豐街257號', '金希滇', '02-4627038', '美容'),
('11016', '柯秀美', '2002-06-27', 'C220948542', '基隆中山區復興路212巷23 弄23號', '柯阿潻', '02-4257782', '美容'),
('11017', '柯美冠', '2001-12-01', 'F224418860', '台北縣瑞芳鎮中山路180巷5弄11號', '柯福來', '02-4971390', '美容'),
('11018', '夏珮瑛', '2002-05-16', 'A224754937', '基隆市仁愛區愛三路9-3號9F', '王淑珍', '02-4222830', '美容'),
('11019', '張佳惠', '2001-12-09', 'C220958824', '基隆市暖暖區寧靜街60巷20號 6F', '張田濤', '02-4575282', '美容'),
('11020', '張靜玉', '2002-09-19', 'C220936015', '基隆市仁愛區華三街4號7樓', '張國楨', '02-4336213', '美容'),
('11021', '張璧如', '2002-07-14', 'A224706208', '基隆市信義區培德路12巷40-2號', '張石村', '02-4656925', '美容'),
('11022', '張琇婷', '2001-11-18', 'C220971550', '基隆市信義區信二路36巷81號', '張來成', '02-4259123', '美容'),
('11023', '曹嘉純', '2001-09-23', 'C220948186', '基隆市暖暖街16巷70-11號', '曹茂金', '02-4573382', '美容'),
('11024', '許銘芳', '2002-04-13', 'C220960557', '基隆市安一路348號之16', '許連富', '02-4286436', '美容'),
('11025', '郭怡婷', '2001-05-06', 'C220927178', '基隆市公園街339號5F', '郭棋昌', '02-4282854', '美容'),
('11026', '陳佳汎', '2002-07-04', 'C220845411', '基隆市暖暖區暖暖街281巷7號 3F', '陳文卿', '02-4575009', '美容'),
('11027', '陳淑珍', '2002-06-14', 'V221205818', '基隆市七堵區開元路59-56 號', '陳福順', '02-4569139', '美容'),
('11028', '陳惠貞', '2002-10-20', 'F224069134', '台北縣石門鄉中央路44巷18-1號1F', '廖永富', '02-6381985', '美容'),
('11029', '陳潔如', '2001-12-30', 'C220931761', '基隆市安樂區麥金路54號11樓', '陳明泉', '02-4333651', '美容'),
('11030', '陳靜漪', '2001-05-04', 'F224534163', '台北縣汐止鎮中正路93號', '陳欽賢', '02-6415225', '美容'),
('11031', '曾莉萍', '2001-10-15', 'C220952895', '基隆市華三街25號', '曾燕青', '02-4323143', '美容'),
('11032', '黃玉婷', '2002-02-01', 'C220309278', '基隆市暖暖區國安路30巷16-2號3F', '黃文欽', '02-4576610', '美容'),
('11033', '黃佳琪', '2002-03-21', 'F225995875', '基隆市七堵區崇智街27巷7-3號4F', '黃瑞德', '02-4658126', '美容'),
('11034', '劉慧怡', '2002-06-21', 'C221023599', '基隆市中正區正榮街77巷35號底2樓', '劉鑽輝', '02-4632632', '美容'),
('11035', '潘思怡', '2002-03-03', 'C221017082', '基隆市安樂區麥金路437巷14-3號', '潘忠成', '02-4313918', '美容'),
('11036', '賴柔君', '2002-05-15', 'C220886814', '基隆市中正區中正路124號4樓', '賴啟彰', '02-4277422', '美容'),
('11037', '戴嘉慧', '2000-11-24', 'C220561394', '基隆市中山區中平街17號之3 4F', '戴朝宗', '02-4233272', '美容'),
('11038', '謝佳蕙', '2002-01-18', 'C220932375', '基隆市仁愛區復興街107號', '謝朝陽', '02-4288094', '美容'),
('11039', '謝佳融', '2002-01-29', 'F223693976', '台北縣萬里鄉中福村59-2號', '謝阿屘', '02-4922431', '美容'),
('11040', '謝曉慧', '2001-12-30', 'A225547977', '台北縣瑞芳鎮輕便路5號', '謝崇義', '02-4969103', '美容'),
('11041', '蘇柏雲', '2002-06-27', 'C220887400', '基隆市和平街25號4F', '蘇耒成', '02-4632327', '美容');

-- --------------------------------------------------------

--
-- 資料表結構 `supplier`
--

CREATE TABLE `supplier` (
  `SupplierName` varchar(31) DEFAULT NULL COMMENT '供應商寶號',
  `SupplierId` varchar(9) NOT NULL COMMENT '供應商代號',
  `City` varchar(9) DEFAULT NULL COMMENT '縣市',
  `Address` varchar(39) DEFAULT NULL COMMENT '地址',
  `ZipCode` varchar(4) DEFAULT NULL COMMENT '郵遞區號',
  `Contact` varchar(9) DEFAULT NULL COMMENT '聯絡人',
  `JobTitle` varchar(15) DEFAULT NULL COMMENT '職稱',
  `Phone` varchar(12) DEFAULT NULL COMMENT '電話'
) ENGINE=InnoDB DEFAULT CHARSET=utf8 COLLATE=utf8_general_ci;

--
-- 傾印資料表的資料 `supplier`
--

INSERT INTO `supplier` (`SupplierName`, `SupplierId`, `City`, `Address`, `ZipCode`, `Contact`, `JobTitle`, `Phone`) VALUES
('台灣塑膠工業股份有限公司', 'S0000', '高雄', '高雄市仁武區水管路100號', '814', '王曉明', '工程師', '07-3710493'),
('洽興金屬工業股份有限公司', 'S0001', '台中市', '西屯區工業區12路5號', '407', '陳勳森', '採購專員', '04-7081881'),
('新益機械工廠股份有限公司', 'S0002', '台北市', '北投區承德路7段371-1號', '100', '謝裕民', '行政專員', '02-7752450'),
('天源義記機械股份有限公司', 'S0003', '台北市', '松山區敦化北路122號3樓', '105', '翁崇銘', '工程師', '02-9015105'),
('家鄉事業股份有限公司', 'S0004', '台北市', '復興北路57號5樓', '108', '郭淑玲', '行政專員', '02-1879991'),
('四維企業(股)公司', 'S0005', '台南縣', '歸仁鄉南興村中山路851號', '720', '廖述宏', '工程師', '06-8792123'),
('永輝興電機工業股份有限公司', 'S0006', '台南縣', '麻豆鎮小埤里苓子林8-12號', '710', '黃清吉', '總務主任', '06-4588455'),
('溪泉電器工廠股份有限公司', 'S0007', '台中市', '西屯區台中工業區工業五路3號', '407', '林慶文', '工程師', '04-7613571'),
('善品精機股份有限公司', 'S0008', '台中縣', '烏日鄉中山路三段6號', '414', '張君暉', '工程師', '04-2552171'),
('佳樂電子股份有限公司', 'S0009', '台北市', '大安區復興南路一段390號5樓之3', '106', '蔣清池', '總務主任', '02-2301212'),
('科隆實業股份有限公司', 'S0010', '台北市', '大安區敦化南路一段223號8樓', '106', '劉瑞復', '工程師', '02-7721320'),
('永光壓鑄企業公司', 'S0011', '台北市', '中山北路三段22號', '104', '梁文雄', '工程師', '02-2514474'),
('正五傑機械股份有限公司', 'S0012', '台北市', '中山區松江路293號805室', '111', '林金源', '採購專員', '02-9991061'),
('集上科技股份有限公司', 'S0013', '台北市', '中山區南京東路3段65號2樓', '104', '陳幼獅', '行政專員', '02-7174500'),
('強安鋼架工程股份有限公司', 'S0014', '台北市', '中正區博愛路154號6-7樓', '104', '林添財', '主任', '02-9179261'),
('菱生精密工業股份有限公司', 'S0015', '台北市', '中正區懷寧街43號6樓', '100', '張國萬', '採購專員', '02-6668541'),
('昆信機械工業股份有限公司', 'S0016', '台北市', '忠孝東路四段285號13樓', '103', '陳世棟', '採購專員', '02-7195800'),
('麥柏股份有限公司', 'S0017', '台北市', '松山區南京東路三段248號14樓', '110', '楊喜棠', '工程師', '02-1184988'),
('九和汽車股份有限公司', 'S0018', '台北市', '信義路五段2號14樓', '104', '李青潭', '工程師', '02-2595286'),
('遠東氣體工業股份有限公司', 'S0019', '台北市', '許昌街四二號九樓', '104', '李進興', '總務主任', '02-4688516'),
('諾貝爾生物有限公司', 'S0020', '台北市', '塔城街66號3樓', '106', '蘇益慶', '工程師', '02-9879103'),
('有萬貿易股份有限公司', 'S0021', '台北市', '土城市大暖路71號', '114', '張子信', '工程師', '02-1524755'),
('真正精機股份有限公司', 'S0022', '台北縣', '土城市自強街29號', '241', '黃俊勝', '行政專員', '02-5569536'),
('東興振業股份有限公司', 'S0023', '台北縣', '汐止鎮大同路3段275號', '236', '徐旭明', '主任', '02-4247674'),
('漢寶農畜產企業股份有限公司', 'S0024', '台北縣', '板橋市民生路一段28號', '235', '林勝豐', '採購專員', '02-8795884'),
('大喬機械公司', 'S0025', '台北縣', '新店市寶興路45巷5號3樓', '251', '呂擇賞', '工程師', '02-4998556'),
('達亞汽車股份有限公司', 'S0026', '台北縣', '仁德鄉保安村開發四路6號', '238', '鄭榮勳', '採購專員', '02-4489598'),
('台灣航空電子股份有限公司', 'S0027', '桃園縣', '桃園市大林里大仁路50號', '334', '周正義', '主任', '03-4856525'),
('鐶琪塑膠股份有限公司', 'S0028', '桃園縣', '楊梅鎮大同里行善路80號', '337', '陳登榜', '工程師', '03-1385562'),
('亞智股份有限公司', 'S0029', '桃園縣', '龜山鄉善村文德路25號', '324', '黃正弘', '行政專員', '03-4855525'),
('九華營造工程股份有限公司', 'S0030', '桃園縣', '蘆竹鄉南崁路二段201巷7號', '330', '唐樂川', '總務主任', '03-2659569'),
('台灣保谷光學股份有限公司', 'S0031', '桃園縣', '小港區中林路26號', '325', '林長芳', '工程師', '03-2365566'),
('豐興鋼鐵(股)公司', 'S0032', '桃園縣', '五福三路21號6樓', '338', '吳政翔', '總務主任', '03-4554521'),
('中友開發建設股份有限公司', 'S0033', '高雄市', '鼓山區明倫路514巷19號', '813', '劉宗齊', '採購專員', '07-2665563'),
('長生營造股份有限公司', 'S0034', '高雄市', '大社工業區興工路1-3號', '806', '楊菊生', '工程師', '07-5645655'),
('百容電子股份有限公司', 'S0035', '新竹市', '科學工業園區園區二路47號105室', '300', '賴朝宗', '採購', '035-189566'),
('欣中天然氣股份有限公司', 'S0036', '新竹市', '竹東鎮中興路四段14號', '300', '胡明宗', '採購助理', '035-789542'),
('比力機械工業股份有限公司', 'S0037', '新竹市', '水上鄉回歸村北回60號', '300', '王振芳', '總務助理', '035-585985'),
('詮讚興業公司', 'S0038', '新竹縣', '秀水鄉埔崙村三越街82號', '302', '林清富', '工程師', '035-584425'),
('台灣釜屋電機股份有限公司', 'S0039', '台中縣', '烏日鄉中山路一段和平巷150弄27號', '414', '顏仲仁', '總務主任', '04-8342662'),
('國光血清疫苗製造股份有限公司', 'S0040', '台北市', '士林區社中街76號', '111', '徐賢德', '工程師', '02-7351127'),
('台灣製罐工業股份有限公司', 'S0041', '台北市', '大安區忠孝東路4段285號6樓', '106', '許金良', '採購專員', '02-5316125'),
('雅企科技(股)', 'S0042', '台北市', '中山區南京東路二段95號11樓', '104', '徐惠秋', '總務主任', '02-7751286'),
('國豐電線工廠股份有限公司', 'S0043', '台北市', '敦化南路522號2樓', '106', '巫嘉昌', '工程師', '02-1949849'),
('金興鋼鐵股份有限公司', 'S0044', '台北市', '華陰街119號', '105', '黃永松', '總務主任', '02-4789198'),
('原帥電機股份有限公司', 'S0045', '台北縣', '新店市寶橋路229號', '220', '李春淵', '採購專員', '02-8499256'),
('新寶纖維股份有限公司', 'S0046', '台北縣', '樹林鎮東興街1號', '231', '林棟材', '工程師', '02-9985554'),
('太平洋汽門工業股份有限公司', 'S0047', '台南縣', '中壢市新生路二段334號', '721', '呂碧如', '工程師', '06-4882554'),
('喬福機械工業股份有限公司', 'S0048', '台南縣', '八德市大湳里和平路1127號', '711', '張朝深', '總務主任', '06-8884551'),
('楓原設計公司', 'S0049', '桃園縣', '大園鄉橫峰村1號', '320', '陳世昌', '採購專員', '03-4884525'),
('日南紡織股份有限公司', 'S0050', '桃園縣', '平鎮市建安村太平東路7號', '330', '陳標山', '行政專員', '03-5568425'),
('台灣勝家實業股份有限公司', 'S0051', '桃園縣', '楊梅鎮秀才路520號', '337', '陳智雄', '工程師', '03-4825826'),
('周家合板股份有限公司', 'S0052', '桃園縣', '龜山鄉樂善村文德路25號', '330', '陳肇源', '採購專員', '03-4851551'),
('英業達股份有限公司', 'S0053', '新竹市', '科學工業園區園區二路40號1樓', '300', '鄭景昌', '行政專員', '035-645858'),
('羽田機械股份有限公司', 'S0054', '新竹縣', '和美鎮彰美路二段106號', '310', '張永茂', '工程師', '035-851453'),
('中衛聯合開發公司', 'S0055', '台中市', '南屯區南屯路三段86號', '408', '蔡淑慧', '工程師', '04-5062442'),
('台中精機廠股份有限公司', 'S0056', '台北市', '大安區敦化南路1段331號6樓', '106', '杜鴻國', '採購專員', '02-3592139'),
('東陽實業(股)公司', 'S0057', '台北市', '中山區松江路301號9樓', '111', '葉育恩', '工程師', '02-4951111'),
('金泰成粉廠股份有限公司', 'S0058', '台北市', '中正區延平南路10號', '104', '林繼宗', '採購專員', '02-4648165'),
('現代農牧股份有限公司', 'S0059', '台北市', '南港區東新街34巷10號3樓', '105', '秦嘉鴻', '採購專員', '02-7899552'),
('惠亞工程股份有限公司', 'S0060', '台北市', '三重市重新路五段609巷16號6樓', '106', '高文彬', '總務主任', '02-6548854');

--
-- 已傾印資料表的索引
--

--
-- 資料表索引 `customer`
--
ALTER TABLE `customer`
  ADD PRIMARY KEY (`CustId`),
  ADD KEY `CustId` (`CustId`);

--
-- 資料表索引 `dept`
--
ALTER TABLE `dept`
  ADD PRIMARY KEY (`DeptId`),
  ADD KEY `DeptId` (`DeptId`),
  ADD KEY `ManagerName` (`ManagerName`);

--
-- 資料表索引 `employee`
--
ALTER TABLE `employee`
  ADD PRIMARY KEY (`EmpId`),
  ADD KEY `DeptId` (`DeptId`),
  ADD KEY `EmpId` (`EmpId`),
  ADD KEY `EmpName` (`EmpName`);

--
-- 資料表索引 `exp`
--
ALTER TABLE `exp`
  ADD KEY `EmpId` (`EmpId`);

--
-- 資料表索引 `inv`
--
ALTER TABLE `inv`
  ADD PRIMARY KEY (`ProdId`),
  ADD KEY `ProdId` (`ProdId`);

--
-- 資料表索引 `leav`
--
ALTER TABLE `leav`
  ADD KEY `EmpID` (`EmpID`);

--
-- 資料表索引 `orderdetail`
--
ALTER TABLE `orderdetail`
  ADD PRIMARY KEY (`seq`),
  ADD KEY `OrderId` (`OrderId`),
  ADD KEY `ProdId` (`ProdId`);

--
-- 資料表索引 `overtime`
--
ALTER TABLE `overtime`
  ADD KEY `EmpId` (`EmpId`);

--
-- 資料表索引 `person`
--
ALTER TABLE `person`
  ADD KEY `EmpId` (`EmpId`);

--
-- 資料表索引 `product`
--
ALTER TABLE `product`
  ADD PRIMARY KEY (`ProdID`),
  ADD KEY `ProdID` (`ProdID`),
  ADD KEY `ProdID_2` (`ProdID`);

--
-- 資料表索引 `purchasedetail`
--
ALTER TABLE `purchasedetail`
  ADD PRIMARY KEY (`seq`),
  ADD KEY `ProdId` (`ProdId`),
  ADD KEY `PurchaseId` (`PurchaseId`);

--
-- 資料表索引 `purchaseorder`
--
ALTER TABLE `purchaseorder`
  ADD PRIMARY KEY (`PurchaseId`),
  ADD KEY `PurchaseId` (`PurchaseId`),
  ADD KEY `SupplierId` (`SupplierId`),
  ADD KEY `EmpId` (`EmpId`);

--
-- 資料表索引 `quota`
--
ALTER TABLE `quota`
  ADD PRIMARY KEY (`EmpId`),
  ADD KEY `EmpId` (`EmpId`);

--
-- 資料表索引 `records`
--
ALTER TABLE `records`
  ADD KEY `ClassNo` (`ClassNo`);

--
-- 資料表索引 `salesorder`
--
ALTER TABLE `salesorder`
  ADD PRIMARY KEY (`OrderId`),
  ADD KEY `OrderId` (`OrderId`),
  ADD KEY `EmpId` (`EmpId`),
  ADD KEY `CustId` (`CustId`);

--
-- 資料表索引 `students`
--
ALTER TABLE `students`
  ADD PRIMARY KEY (`ClassNo`),
  ADD KEY `ClassNo` (`ClassNo`);

--
-- 資料表索引 `supplier`
--
ALTER TABLE `supplier`
  ADD PRIMARY KEY (`SupplierId`),
  ADD KEY `SupplierId` (`SupplierId`);

--
-- 已傾印資料表的限制式
--

--
-- 資料表的限制式 `dept`
--
ALTER TABLE `dept`
  ADD CONSTRAINT `dept_ibfk_1` FOREIGN KEY (`DeptId`) REFERENCES `employee` (`DeptId`),
  ADD CONSTRAINT `dept_ibfk_2` FOREIGN KEY (`ManagerName`) REFERENCES `employee` (`EmpName`);

--
-- 資料表的限制式 `exp`
--
ALTER TABLE `exp`
  ADD CONSTRAINT `exp_ibfk_1` FOREIGN KEY (`EmpId`) REFERENCES `employee` (`EmpId`);

--
-- 資料表的限制式 `inv`
--
ALTER TABLE `inv`
  ADD CONSTRAINT `inv_ibfk_1` FOREIGN KEY (`ProdId`) REFERENCES `product` (`ProdID`);

--
-- 資料表的限制式 `leav`
--
ALTER TABLE `leav`
  ADD CONSTRAINT `leav_ibfk_1` FOREIGN KEY (`EmpID`) REFERENCES `employee` (`EmpId`);

--
-- 資料表的限制式 `orderdetail`
--
ALTER TABLE `orderdetail`
  ADD CONSTRAINT `orderdetail_ibfk_1` FOREIGN KEY (`OrderId`) REFERENCES `salesorder` (`OrderId`),
  ADD CONSTRAINT `orderdetail_ibfk_2` FOREIGN KEY (`ProdId`) REFERENCES `product` (`ProdID`);

--
-- 資料表的限制式 `overtime`
--
ALTER TABLE `overtime`
  ADD CONSTRAINT `overtime_ibfk_1` FOREIGN KEY (`EmpId`) REFERENCES `employee` (`EmpId`);

--
-- 資料表的限制式 `person`
--
ALTER TABLE `person`
  ADD CONSTRAINT `person_ibfk_1` FOREIGN KEY (`EmpId`) REFERENCES `employee` (`EmpId`);

--
-- 資料表的限制式 `purchasedetail`
--
ALTER TABLE `purchasedetail`
  ADD CONSTRAINT `purchasedetail_ibfk_1` FOREIGN KEY (`ProdId`) REFERENCES `product` (`ProdID`),
  ADD CONSTRAINT `purchasedetail_ibfk_2` FOREIGN KEY (`PurchaseId`) REFERENCES `purchaseorder` (`PurchaseId`);

--
-- 資料表的限制式 `purchaseorder`
--
ALTER TABLE `purchaseorder`
  ADD CONSTRAINT `purchaseorder_ibfk_1` FOREIGN KEY (`EmpId`) REFERENCES `employee` (`EmpId`),
  ADD CONSTRAINT `purchaseorder_ibfk_2` FOREIGN KEY (`SupplierId`) REFERENCES `supplier` (`SupplierId`);

--
-- 資料表的限制式 `records`
--
ALTER TABLE `records`
  ADD CONSTRAINT `records_ibfk_1` FOREIGN KEY (`ClassNo`) REFERENCES `students` (`ClassNo`);

--
-- 資料表的限制式 `salesorder`
--
ALTER TABLE `salesorder`
  ADD CONSTRAINT `salesorder_ibfk_1` FOREIGN KEY (`EmpId`) REFERENCES `employee` (`EmpId`),
  ADD CONSTRAINT `salesorder_ibfk_2` FOREIGN KEY (`CustId`) REFERENCES `customer` (`CustId`);
COMMIT;

/*!40101 SET CHARACTER_SET_CLIENT=@OLD_CHARACTER_SET_CLIENT */;
/*!40101 SET CHARACTER_SET_RESULTS=@OLD_CHARACTER_SET_RESULTS */;
/*!40101 SET COLLATION_CONNECTION=@OLD_COLLATION_CONNECTION */;
